mtllib ros_sandbox_visual.mtl
v 2.880000 3.300000 0.035000
v 3.129999 3.300000 0.035000
v 2.880000 3.300000 0.020000
v 3.380000 3.300000 0.020000
v 3.380000 3.300000 0.035000
v 2.880000 2.800000 0.035000
v 2.880000 3.049999 0.035000
v 2.880000 2.800000 0.020000
v 3.380000 2.800000 0.035000
v 3.130000 2.800000 0.035000
v 3.380000 2.800000 0.020000
v 3.380000 3.050000 0.035000
v 3.080001 3.049634 0.335000
v 3.179926 3.047287 0.335000
v 3.080335 3.055781 0.335000
v 3.179881 3.053443 0.335000
v 3.108041 3.005080 0.335000
v 3.102687 3.008119 0.335000
v 3.179080 3.059547 0.335000
v 3.081422 3.061841 0.335000
v 3.083245 3.067720 0.335000
v 3.131905 3.000036 0.335000
v 3.125751 3.000181 0.335000
v 3.083510 3.031597 0.335000
v 3.086123 3.026024 0.335000
v 3.089402 3.020813 0.335000
v 3.177535 3.065506 0.335000
v 3.107386 3.094594 0.335000
v 3.113038 3.097035 0.335000
v 3.179214 3.041173 0.335000
v 3.144035 3.002010 0.335000
v 3.177757 3.035192 0.335000
v 3.175575 3.029435 0.335000
v 3.119661 3.001081 0.335000
v 3.113728 3.002722 0.335000
v 3.097748 3.011793 0.335000
v 3.093297 3.016046 0.335000
v 3.081601 3.037450 0.335000
v 3.080425 3.043493 0.335000
v 3.085777 3.073332 0.335000
v 3.088980 3.078589 0.335000
v 3.092804 3.083413 0.335000
v 3.160423 3.010321 0.335000
v 3.165068 3.014360 0.335000
v 3.155316 3.006883 0.335000
v 3.169182 3.018940 0.335000
v 3.172702 3.023990 0.335000
v 3.149826 3.004099 0.335000
v 3.138031 3.000649 0.335000
v 3.118946 3.098763 0.335000
v 3.125022 3.099752 0.335000
v 3.131174 3.099986 0.335000
v 3.137308 3.099463 0.335000
v 3.143331 3.098190 0.335000
v 3.149152 3.096187 0.335000
v 3.097192 3.087731 0.335000
v 3.102077 3.091477 0.335000
v 3.154682 3.093483 0.335000
v 3.159839 3.090120 0.335000
v 3.164543 3.086149 0.335000
v 3.168724 3.081630 0.335000
v 3.172317 3.076632 0.335000
v 3.175269 3.071230 0.335000
v 3.242623 3.147374 0.185000
v 3.253736 3.132796 0.185000
v 3.262972 3.116962 0.185000
v 3.270193 3.100114 0.185000
v 3.275289 3.082506 0.185000
v 3.278183 3.064405 0.185000
v 3.278830 3.046087 0.185000
v 3.277221 3.027827 0.185000
v 3.273380 3.009903 0.185000
v 3.267365 2.992587 0.185000
v 3.259269 2.976142 0.185000
v 3.249213 2.960816 0.185000
v 3.237350 2.946842 0.185000
v 3.223859 2.934432 0.185000
v 3.208946 2.923774 0.185000
v 3.192836 2.915029 0.185000
v 3.175773 2.908330 0.185000
v 3.158016 2.903779 0.185000
v 3.139835 2.901444 0.185000
v 3.121505 2.901361 0.185000
v 3.103303 2.903532 0.185000
v 3.085507 2.907923 0.185000
v 3.068384 2.914467 0.185000
v 3.052196 2.923067 0.185000
v 3.037187 2.933590 0.185000
v 3.023585 2.945878 0.185000
v 3.011596 2.959744 0.185000
v 3.001402 2.974979 0.185000
v 2.993158 2.991350 0.185000
v 2.986988 3.008611 0.185000
v 2.982985 3.026500 0.185000
v 2.981212 3.044744 0.185000
v 2.981694 3.063068 0.185000
v 2.984423 3.081194 0.185000
v 2.989360 3.098847 0.185000
v 2.996429 3.115760 0.185000
v 3.005522 3.131676 0.185000
v 3.016503 3.146354 0.185000
v 3.029204 3.159571 0.185000
v 3.043433 3.171127 0.185000
v 3.058974 3.180847 0.185000
v 3.075592 3.188583 0.185000
v 3.093035 3.194219 0.185000
v 3.111038 3.197669 0.185000
v 3.129328 3.198880 0.185000
v 3.147629 3.197834 0.185000
v 3.165663 3.194547 0.185000
v 3.183155 3.189069 0.185000
v 3.199842 3.181482 0.185000
v 3.215470 3.171903 0.185000
v 3.229803 3.160476 0.185000
v 2.880141 3.058416 0.035000
v 2.883070 3.089057 0.035000
v 2.889741 3.119106 0.035000
v 2.900054 3.148107 0.035000
v 2.913853 3.175621 0.035000
v 2.930929 3.201231 0.035000
v 2.951022 3.224548 0.035000
v 2.973829 3.245219 0.035000
v 2.999002 3.262931 0.035000
v 3.026162 3.277415 0.035000
v 3.054896 3.288452 0.035000
v 3.084768 3.295874 0.035000
v 3.129282 2.800001 0.035000
v 3.098566 2.801984 0.035000
v 3.068326 2.807727 0.035000
v 3.039021 2.817142 0.035000
v 3.011095 2.830087 0.035000
v 2.984971 2.846366 0.035000
v 2.961046 2.865732 0.035000
v 2.939682 2.887891 0.035000
v 2.921204 2.912508 0.035000
v 2.905890 2.939208 0.035000
v 2.893974 2.967588 0.035000
v 2.885635 2.997218 0.035000
v 2.881001 3.027647 0.035000
v 3.378866 3.026218 0.035000
v 3.374057 2.995816 0.035000
v 3.365549 2.966235 0.035000
v 3.353470 2.937923 0.035000
v 3.338003 2.911311 0.035000
v 3.319384 2.886801 0.035000
v 3.297893 2.864765 0.035000
v 3.273857 2.845537 0.035000
v 3.247641 2.829408 0.035000
v 3.219641 2.816624 0.035000
v 3.190282 2.807377 0.035000
v 3.160010 2.801808 0.035000
v 3.115326 3.299569 0.035000
v 3.146106 3.299480 0.035000
v 3.176642 3.295610 0.035000
v 3.206471 3.288017 0.035000
v 3.235141 3.276815 0.035000
v 3.262218 3.262176 0.035000
v 3.287289 3.244319 0.035000
v 3.309977 3.223517 0.035000
v 3.329936 3.200085 0.035000
v 3.346864 3.174378 0.035000
v 3.360505 3.146785 0.035000
v 3.370652 3.117725 0.035000
v 3.377151 3.087639 0.035000
v 3.379902 3.056981 0.035000
v 0.857500 1.018887 0.035000
v 0.887500 1.018887 0.035000
v 0.857500 1.018887 0.135000
v 0.857500 1.106887 0.035000
v 0.887500 1.018887 0.135000
v 0.857500 1.106887 0.135000
v 0.982500 1.106887 0.135000
v 0.982500 1.106887 0.035000
v 0.982500 1.018887 0.035000
v 0.952500 1.018887 0.135000
v 0.952500 1.018887 0.035000
v 0.982500 1.018887 0.135000
v 0.952500 1.016425 0.035000
v 0.952500 1.044387 0.135000
v 0.952500 1.016425 0.175000
v 0.992125 1.000012 0.035000
v 0.992125 1.000012 0.213000
v 0.920000 1.029887 0.175000
v 0.952500 1.044387 0.175000
v 0.887500 1.044387 0.135000
v 0.887500 1.044387 0.175000
v 0.887500 1.016425 0.175000
v 0.920000 1.029887 0.213000
v 0.847875 1.000012 0.213000
v 0.887500 1.016425 0.035000
v 0.847875 1.000012 0.035000
v 0.818000 0.927887 0.213000
v 0.920000 0.993887 0.213000
v 0.873331 0.974556 0.213000
v 0.873331 0.974556 0.335000
v 0.966669 0.974556 0.213000
v 0.920000 0.993887 0.335000
v 0.854000 0.927887 0.335000
v 0.854000 0.927887 0.213000
v 0.873331 0.881218 0.335000
v 0.873331 0.881218 0.213000
v 0.920000 0.861887 0.213000
v 0.920000 0.861887 0.335000
v 0.966669 0.881218 0.335000
v 0.986000 0.927887 0.335000
v 0.986000 0.927887 0.213000
v 0.966669 0.974556 0.335000
v 0.966669 0.881218 0.213000
v 0.992125 0.855762 0.213000
v 0.992125 0.855762 0.035000
v 1.022000 0.927887 0.213000
v 0.920000 0.825887 0.213000
v 0.920000 0.825887 0.035000
v 0.847875 0.855762 0.035000
v 1.070000 0.809887 0.035000
v 0.770000 0.809887 0.035000
v 0.770000 0.809887 0.020000
v 1.070000 1.109887 0.035000
v 1.070000 0.809887 0.020000
v 0.770000 1.109887 0.020000
v 1.070000 1.109887 0.020000
v 0.770000 1.109887 0.035000
v 1.022000 0.927887 0.035000
v 0.818000 0.927887 0.035000
v 0.847875 0.855762 0.213000
v 1.830402 3.924000 0.285000
v 1.635402 3.785000 0.285000
v 1.635402 3.785000 0.335000
v 1.635402 3.924000 0.285000
v 1.635402 3.924000 0.035000
v 1.830402 3.646000 0.285000
v 1.830402 3.646000 0.335000
v 1.635402 3.646000 0.285000
v 1.635402 3.646000 0.035000
v 2.025401 3.785000 0.335000
v 2.025401 3.785000 0.285000
v 1.830402 3.924000 0.335000
v 2.025401 3.646000 0.285000
v 2.025401 3.646000 0.035000
v 2.025401 3.924000 0.285000
v 2.025401 3.924000 0.035000
v 1.640401 3.646000 0.037000
v 2.020401 3.646000 0.037000
v 1.640401 3.646000 0.280000
v 1.640401 3.886000 0.037000
v 2.020401 3.886000 0.037000
v 2.020401 3.886000 0.280000
v 1.640401 3.886000 0.280000
v 2.020401 3.646000 0.280000
v 2.070401 3.930000 0.035000
v 2.070401 3.640000 0.035000
v 2.070401 3.640000 0.020000
v 1.590402 3.640000 0.035000
v 1.590402 3.640000 0.020000
v 1.590402 3.930000 0.020000
v 2.070401 3.930000 0.020000
v 1.590402 3.930000 0.035000
v 0.796407 2.283815 0.263000
v 0.696470 2.353791 0.263000
v 0.796407 2.283815 0.315000
v 0.755109 2.224836 0.263000
v 0.755109 2.224836 0.315000
v 0.655173 2.294812 0.315000
v 0.655173 2.294812 0.263000
v 0.696470 2.353791 0.315000
v 0.625273 2.309644 0.263000
v 0.707007 2.426374 0.263000
v 0.625273 2.309644 0.035000
v 0.771082 2.207548 0.263000
v 0.707007 2.426374 0.035000
v 0.771082 2.207548 0.035000
v 0.594547 2.276224 0.035000
v 0.869863 2.669417 0.035000
v 0.869863 2.669417 0.020000
v 0.832101 2.109887 0.035000
v 0.594547 2.276224 0.020000
v 1.107418 2.503080 0.020000
v 0.832101 2.109887 0.020000
v 1.107418 2.503080 0.035000
v 0.950324 2.463533 0.035000
v 0.994776 2.527017 0.035000
v 0.994776 2.527017 0.263000
v 0.950324 2.463533 0.210000
v 1.031011 2.407036 0.035000
v 0.848967 2.629114 0.263000
v 0.931771 2.477135 0.263000
v 0.973068 2.536114 0.263000
v 0.931771 2.477135 0.315000
v 0.873132 2.606090 0.263000
v 0.973068 2.536114 0.315000
v 0.831834 2.547111 0.315000
v 0.831834 2.547111 0.263000
v 0.873132 2.606090 0.315000
v 0.843004 2.459329 0.263000
v 0.767233 2.512385 0.263000
v 0.843004 2.459329 0.335000
v 0.782779 2.373318 0.263000
v 0.782779 2.373318 0.335000
v 0.704959 2.427808 0.335000
v 0.704959 2.427808 0.035000
v 0.765185 2.513819 0.035000
v 0.765185 2.513819 0.335000
v 0.767233 2.512385 0.035000
v 0.848967 2.629114 0.035000
v 0.815534 2.271032 0.210000
v 1.031011 2.407036 0.210000
v 0.896220 2.214535 0.035000
v 0.896220 2.214535 0.210000
v 0.815534 2.271032 0.035000
v 3.349500 0.740000 0.225000
v 3.349500 0.740000 0.035000
v 3.349500 0.960000 0.225000
v 3.327000 0.960000 0.035000
v 3.327000 0.960000 0.225000
v 3.349500 0.960000 0.035000
v 3.327000 0.740000 0.225000
v 3.327000 0.740000 0.035000
v 3.327000 0.790000 0.225000
v 3.327000 0.730000 0.335000
v 3.327000 0.730000 0.035000
v 3.177000 0.730000 0.035000
v 3.327000 0.790000 0.335000
v 3.177000 0.730000 0.335000
v 3.177000 0.740000 0.225000
v 3.177000 0.740000 0.035000
v 3.177000 0.790000 0.225000
v 3.177000 0.790000 0.335000
v 3.074500 0.740000 0.225000
v 3.074500 0.960000 0.225000
v 3.074500 0.960000 0.035000
v 3.074500 0.740000 0.035000
v 3.177000 0.960000 0.225000
v 3.177000 0.960000 0.035000
v 3.177000 0.910000 0.225000
v 3.177000 0.970000 0.335000
v 3.177000 0.970000 0.035000
v 3.327000 0.970000 0.035000
v 3.177000 0.910000 0.335000
v 3.327000 0.970000 0.335000
v 3.327000 0.910000 0.335000
v 3.327000 0.910000 0.225000
v 3.246000 0.906000 0.225000
v 3.246000 0.794000 0.225000
v 3.246000 0.906000 0.315000
v 3.324000 0.906000 0.225000
v 3.324000 0.906000 0.315000
v 3.246000 0.794000 0.315000
v 3.324000 0.794000 0.225000
v 3.324000 0.794000 0.315000
v 3.060500 0.930000 0.035000
v 2.955500 0.930000 0.035000
v 2.955500 0.930000 0.203000
v 3.060500 0.770000 0.035000
v 3.060500 0.930000 0.203000
v 2.955500 0.770000 0.203000
v 2.955500 0.770000 0.035000
v 3.060500 0.770000 0.203000
v 2.900000 0.700000 0.035000
v 2.900000 1.000000 0.035000
v 2.900000 1.000000 0.020000
v 3.380000 1.000000 0.035000
v 3.380000 1.000000 0.020000
v 3.380000 0.700000 0.020000
v 3.380000 0.700000 0.035000
v 2.900000 0.700000 0.020000
v 3.275000 1.825000 0.315000
v 3.275000 1.975000 0.315000
v 3.275000 1.825000 0.335000
v 3.195000 1.975000 0.315000
v 3.275000 1.975000 0.335000
v 3.195000 1.825000 0.335000
v 3.195000 1.825000 0.315000
v 3.195000 1.975000 0.335000
v 3.217500 1.735000 0.230000
v 3.327000 1.735000 0.315000
v 3.177000 1.735000 0.315000
v 3.177000 2.065000 0.315000
v 3.177000 1.992500 0.230000
v 3.177000 1.807500 0.230000
v 3.177000 1.735000 0.230000
v 3.217500 1.735000 0.035000
v 3.217500 1.702500 0.035000
v 3.217500 1.702500 0.230000
v 2.962500 1.702500 0.035000
v 2.962500 1.702500 0.230000
v 2.962500 1.807500 0.035000
v 3.177000 1.807500 0.035000
v 2.962500 1.807500 0.230000
v 3.177000 1.992500 0.035000
v 2.962500 1.992500 0.035000
v 2.962500 2.097500 0.035000
v 2.962500 1.992500 0.230000
v 2.962500 2.097500 0.230000
v 3.217500 2.097500 0.230000
v 3.217500 2.097500 0.035000
v 3.217500 2.065000 0.035000
v 3.217500 2.065000 0.230000
v 3.327000 2.065000 0.035000
v 3.327000 1.735000 0.035000
v 3.327000 2.065000 0.315000
v 3.177000 2.065000 0.230000
v 3.380000 1.675000 0.035000
v 2.900000 1.675000 0.035000
v 2.900000 1.675000 0.020000
v 3.380000 2.125000 0.035000
v 3.380000 1.675000 0.020000
v 2.900000 2.125000 0.020000
v 2.900000 2.125000 0.035000
v 3.380000 2.125000 0.020000
v 2.967500 1.967500 0.035000
v 2.967500 1.832500 0.035000
v 2.967500 1.832500 0.193000
v 3.072500 1.967500 0.035000
v 2.967500 1.967500 0.193000
v 3.072500 1.832500 0.193000
v 3.072500 1.832500 0.035000
v 3.072500 1.967500 0.193000
v 0.020000 3.100000 0.270000
v 0.020000 0.020000 0.020000
v 0.020000 3.100000 0.020000
v -0.000000 3.100000 0.020000
v 0.020000 0.020000 0.350000
v 0.020000 3.980000 0.350000
v 0.020000 3.700000 0.270000
v -0.000000 3.100000 0.270000
v -0.000000 3.700000 0.270000
v -0.000000 4.000000 0.350000
v -0.000000 0.000000 0.350000
v 1.700000 0.000000 0.270000
v 2.300000 0.000000 0.270000
v -0.000000 0.000000 0.000000
v 4.000000 0.000000 0.350000
v 2.300000 0.000000 0.020000
v 4.000000 0.000000 0.000000
v 4.000000 4.000000 0.350000
v 3.980000 0.020000 0.350000
v 3.980000 3.980000 0.350000
v 3.980000 3.980000 0.020000
v 2.300000 0.020000 0.270000
v 3.980000 0.020000 0.020000
v 0.020000 3.980000 0.020000
v 2.300000 0.020000 0.020000
v 1.700000 0.020000 0.020000
v 1.700000 0.000000 0.020000
v 1.700000 0.020000 0.270000
v 1.680000 0.000000 0.000000
v 1.700000 0.000000 0.350000
v 1.700000 -0.780000 0.020000
v 1.680000 0.000000 0.350000
v 1.700000 -0.780000 0.350000
v 2.300000 -0.780000 0.350000
v 2.300000 -0.780000 0.020000
v 2.320000 -0.800000 0.350000
v 1.680000 -0.800000 0.350000
v 1.680000 -0.800000 0.000000
v 2.320000 -0.800000 0.000000
v 2.320000 0.000000 0.350000
v 2.320000 0.000000 0.000000
v 2.300000 0.000000 0.350000
v 0.020000 3.700000 0.020000
v 4.000000 4.000000 0.000000
v -0.000000 4.000000 0.000000
v -0.000000 3.700000 0.020000
v -0.000000 3.720000 0.000000
v -0.000000 3.700000 0.350000
v -0.780000 3.700000 0.020000
v -0.000000 3.720000 0.350000
v -0.780000 3.700000 0.350000
v -0.780000 3.100000 0.350000
v -0.780000 3.100000 0.020000
v -0.800000 3.080000 0.350000
v -0.800000 3.720000 0.350000
v -0.800000 3.720000 0.000000
v -0.800000 3.080000 0.000000
v -0.000000 3.080000 0.350000
v -0.000000 3.080000 0.000000
v -0.000000 3.100000 0.350000
v 0.676032 0.632351 0.332000
v 0.676032 0.678351 0.332000
v 0.660032 0.632351 0.299000
v 0.660032 0.678351 0.299000
v 0.692032 0.632351 0.299000
v 0.692032 0.678351 0.299000
v 0.707032 0.632351 0.264000
v 0.707032 0.678351 0.264000
v 0.722032 0.632351 0.225000
v 0.722032 0.678351 0.225000
v 0.735032 0.632351 0.185000
v 0.735032 0.678351 0.185000
v 0.742032 0.632351 0.150000
v 0.742032 0.678351 0.150000
v 0.740032 0.632351 0.129000
v 0.740032 0.678351 0.129000
v 0.730032 0.632351 0.114000
v 0.730032 0.678351 0.114000
v 0.710032 0.632351 0.102000
v 0.710032 0.678351 0.102000
v 0.676032 0.632351 0.096000
v 0.676032 0.678351 0.096000
v 0.642032 0.632351 0.102000
v 0.642032 0.678351 0.102000
v 0.622032 0.632351 0.114000
v 0.622032 0.678351 0.114000
v 0.612032 0.632351 0.129000
v 0.612032 0.678351 0.129000
v 0.610032 0.632351 0.150000
v 0.610032 0.678351 0.150000
v 0.617032 0.632351 0.185000
v 0.617032 0.678351 0.185000
v 0.630032 0.632351 0.225000
v 0.630032 0.678351 0.225000
v 0.645032 0.632351 0.264000
v 0.645032 0.678351 0.264000
v 0.684032 0.678351 0.036000
v 0.684032 0.648350 0.036000
v 0.710032 0.678351 0.036000
v 0.684032 0.648350 0.128000
v 0.668032 0.648350 0.036000
v 0.642032 0.648350 0.021000
v 0.710032 0.648350 0.021000
v 0.710032 0.648350 0.036000
v 0.710032 0.678351 0.021000
v 0.668032 0.678351 0.036000
v 0.642032 0.678351 0.021000
v 0.642032 0.678351 0.036000
v 0.642032 0.648350 0.036000
v 0.668032 0.678351 0.128000
v 0.684032 0.678351 0.128000
v 0.668032 0.648350 0.128000
v 0.652740 0.891460 0.332000
v 0.621669 0.857540 0.332000
v 0.664539 0.880652 0.299000
v 0.633467 0.846732 0.299000
v 0.640942 0.902267 0.299000
v 0.609871 0.868347 0.299000
v 0.629881 0.912399 0.264000
v 0.598810 0.878479 0.264000
v 0.618820 0.922531 0.225000
v 0.587749 0.888611 0.225000
v 0.609234 0.931312 0.185000
v 0.578163 0.897392 0.185000
v 0.604072 0.936040 0.150000
v 0.573001 0.902120 0.150000
v 0.605547 0.934689 0.129000
v 0.574476 0.900769 0.129000
v 0.612921 0.927935 0.114000
v 0.581850 0.894015 0.114000
v 0.627669 0.914425 0.102000
v 0.596597 0.880505 0.102000
v 0.652740 0.891460 0.096000
v 0.621669 0.857540 0.096000
v 0.677812 0.868494 0.102000
v 0.646740 0.834574 0.102000
v 0.692559 0.854985 0.114000
v 0.661488 0.821065 0.114000
v 0.699933 0.848230 0.129000
v 0.668862 0.814310 0.129000
v 0.701408 0.846879 0.150000
v 0.670337 0.812959 0.150000
v 0.696246 0.851607 0.185000
v 0.665175 0.817687 0.185000
v 0.686660 0.860388 0.225000
v 0.655589 0.826468 0.225000
v 0.675599 0.870520 0.264000
v 0.644528 0.836600 0.264000
v 0.615770 0.862943 0.036000
v 0.636034 0.885065 0.036000
v 0.596597 0.880505 0.036000
v 0.636034 0.885065 0.128000
v 0.647832 0.874258 0.036000
v 0.667004 0.856696 0.021000
v 0.616861 0.902627 0.021000
v 0.616861 0.902627 0.036000
v 0.596597 0.880505 0.021000
v 0.627568 0.852136 0.036000
v 0.646740 0.834574 0.021000
v 0.646740 0.834574 0.036000
v 0.667004 0.856696 0.036000
v 0.627568 0.852136 0.128000
v 0.615770 0.862943 0.128000
v 0.647832 0.874258 0.128000
v 0.827505 0.680910 0.332000
v 0.873328 0.684935 0.332000
v 0.826105 0.696849 0.299000
v 0.871928 0.700873 0.299000
v 0.828905 0.664971 0.299000
v 0.874728 0.668996 0.299000
v 0.830217 0.650029 0.264000
v 0.876041 0.654054 0.264000
v 0.831529 0.635086 0.225000
v 0.877353 0.639111 0.225000
v 0.832667 0.622136 0.185000
v 0.878491 0.626161 0.185000
v 0.833279 0.615163 0.150000
v 0.879103 0.619188 0.150000
v 0.833104 0.617155 0.129000
v 0.878928 0.621180 0.129000
v 0.832229 0.627117 0.114000
v 0.878053 0.631142 0.114000
v 0.830480 0.647040 0.102000
v 0.876303 0.651065 0.102000
v 0.827505 0.680910 0.096000
v 0.873328 0.684935 0.096000
v 0.824530 0.714779 0.102000
v 0.870353 0.718804 0.102000
v 0.822780 0.734703 0.114000
v 0.868603 0.738728 0.114000
v 0.821905 0.744664 0.129000
v 0.867728 0.748689 0.129000
v 0.821730 0.746657 0.150000
v 0.867553 0.750682 0.150000
v 0.822342 0.739684 0.185000
v 0.868166 0.743709 0.185000
v 0.823480 0.726733 0.225000
v 0.869303 0.730758 0.225000
v 0.824792 0.711791 0.264000
v 0.870616 0.715816 0.264000
v 0.874028 0.676966 0.036000
v 0.844143 0.674341 0.036000
v 0.876303 0.651065 0.036000
v 0.844143 0.674341 0.128000
v 0.842743 0.690279 0.036000
v 0.840468 0.716179 0.021000
v 0.846418 0.648440 0.021000
v 0.846418 0.648440 0.036000
v 0.876303 0.651065 0.021000
v 0.872628 0.692904 0.036000
v 0.870353 0.718804 0.021000
v 0.870353 0.718804 0.036000
v 0.840468 0.716179 0.036000
v 0.872628 0.692904 0.128000
v 0.874028 0.676966 0.128000
v 0.842743 0.690279 0.128000
v 0.853435 1.836578 0.332000
v 0.816837 1.864446 0.332000
v 0.843741 1.823849 0.299000
v 0.807144 1.851717 0.299000
v 0.863128 1.849308 0.299000
v 0.826530 1.877176 0.299000
v 0.872215 1.861242 0.264000
v 0.835617 1.889110 0.264000
v 0.881302 1.873176 0.225000
v 0.844705 1.901044 0.225000
v 0.889178 1.883519 0.185000
v 0.852580 1.911387 0.185000
v 0.893419 1.889088 0.150000
v 0.856821 1.916956 0.150000
v 0.892207 1.887497 0.129000
v 0.855609 1.915365 0.129000
v 0.886149 1.879541 0.114000
v 0.849551 1.907409 0.114000
v 0.874032 1.863629 0.102000
v 0.837435 1.891497 0.102000
v 0.853435 1.836578 0.096000
v 0.816837 1.864446 0.096000
v 0.832837 1.809528 0.102000
v 0.796239 1.837396 0.102000
v 0.820720 1.793616 0.114000
v 0.784123 1.821484 0.114000
v 0.814662 1.785660 0.129000
v 0.778064 1.813528 0.129000
v 0.813450 1.784069 0.150000
v 0.776853 1.811936 0.150000
v 0.817691 1.789638 0.185000
v 0.781093 1.817506 0.185000
v 0.825567 1.799981 0.225000
v 0.788969 1.827848 0.225000
v 0.834654 1.811915 0.264000
v 0.798056 1.839782 0.264000
v 0.821683 1.870811 0.036000
v 0.845551 1.852636 0.036000
v 0.837435 1.891497 0.036000
v 0.845551 1.852636 0.128000
v 0.835858 1.839907 0.036000
v 0.820107 1.819221 0.021000
v 0.861303 1.873322 0.021000
v 0.861303 1.873322 0.036000
v 0.837435 1.891497 0.021000
v 0.811990 1.858081 0.036000
v 0.796239 1.837396 0.021000
v 0.796239 1.837396 0.036000
v 0.820107 1.819221 0.036000
v 0.811990 1.858081 0.128000
v 0.821683 1.870811 0.128000
v 0.835858 1.839907 0.128000
v 1.088818 1.883596 0.332000
v 1.096981 1.838326 0.332000
v 1.104564 1.886436 0.299000
v 1.112728 1.841166 0.299000
v 1.073072 1.880757 0.299000
v 1.081235 1.835487 0.299000
v 1.058310 1.878095 0.264000
v 1.066473 1.832825 0.264000
v 1.043548 1.875433 0.225000
v 1.051712 1.830163 0.225000
v 1.030755 1.873126 0.185000
v 1.038918 1.827856 0.185000
v 1.023866 1.871884 0.150000
v 1.032029 1.826614 0.150000
v 1.025834 1.872239 0.129000
v 1.033997 1.826969 0.129000
v 1.035675 1.874013 0.114000
v 1.043839 1.828743 0.114000
v 1.055358 1.877563 0.102000
v 1.063521 1.832293 0.102000
v 1.088818 1.883596 0.096000
v 1.096981 1.838326 0.096000
v 1.122278 1.889630 0.102000
v 1.130442 1.844360 0.102000
v 1.141961 1.893179 0.114000
v 1.150124 1.847909 0.114000
v 1.151802 1.894954 0.129000
v 1.159966 1.849684 0.129000
v 1.153771 1.895309 0.150000
v 1.161934 1.850039 0.150000
v 1.146882 1.894067 0.185000
v 1.155045 1.848797 0.185000
v 1.134088 1.891760 0.225000
v 1.142251 1.846490 0.225000
v 1.119326 1.889098 0.264000
v 1.127489 1.843828 0.264000
v 1.089108 1.836907 0.036000
v 1.083785 1.866431 0.036000
v 1.063521 1.832293 0.036000
v 1.083785 1.866431 0.128000
v 1.099531 1.869270 0.036000
v 1.125118 1.873884 0.021000
v 1.058197 1.861817 0.021000
v 1.058197 1.861817 0.036000
v 1.063521 1.832293 0.021000
v 1.104854 1.839746 0.036000
v 1.130442 1.844360 0.021000
v 1.130442 1.844360 0.036000
v 1.125118 1.873884 0.036000
v 1.104854 1.839746 0.128000
v 1.089108 1.836907 0.128000
v 1.099531 1.869270 0.128000
v 1.835699 0.631275 0.332000
v 1.860258 0.670170 0.332000
v 1.822170 0.639817 0.299000
v 1.846729 0.678712 0.299000
v 1.849228 0.622732 0.299000
v 1.873787 0.661628 0.299000
v 1.861911 0.614724 0.264000
v 1.886470 0.653620 0.264000
v 1.874595 0.606716 0.225000
v 1.899153 0.645612 0.225000
v 1.885587 0.599776 0.185000
v 1.910146 0.638671 0.185000
v 1.891506 0.596038 0.150000
v 1.916065 0.634934 0.150000
v 1.889815 0.597106 0.129000
v 1.914373 0.636002 0.129000
v 1.881359 0.602445 0.114000
v 1.905918 0.641341 0.114000
v 1.864448 0.613123 0.102000
v 1.889007 0.652018 0.102000
v 1.835699 0.631275 0.096000
v 1.860258 0.670170 0.096000
v 1.806950 0.649427 0.102000
v 1.831509 0.688322 0.102000
v 1.790039 0.660104 0.114000
v 1.814597 0.699000 0.114000
v 1.781583 0.665443 0.129000
v 1.806142 0.704339 0.129000
v 1.779892 0.666511 0.150000
v 1.804451 0.705407 0.150000
v 1.785811 0.662774 0.185000
v 1.810370 0.701669 0.185000
v 1.796803 0.655833 0.225000
v 1.821362 0.694729 0.225000
v 1.809487 0.647825 0.264000
v 1.834045 0.686721 0.264000
v 1.867022 0.665899 0.036000
v 1.851006 0.640532 0.036000
v 1.889007 0.652018 0.036000
v 1.851006 0.640532 0.128000
v 1.837477 0.649075 0.036000
v 1.815492 0.662956 0.021000
v 1.872990 0.626652 0.021000
v 1.872990 0.626652 0.036000
v 1.889007 0.652018 0.021000
v 1.853493 0.674441 0.036000
v 1.831509 0.688322 0.021000
v 1.831509 0.688322 0.036000
v 1.815492 0.662956 0.036000
v 1.853493 0.674441 0.128000
v 1.867022 0.665899 0.128000
v 1.837477 0.649075 0.128000
v 1.895749 0.827281 0.332000
v 1.851406 0.815046 0.332000
v 1.900005 0.811857 0.299000
v 1.855662 0.799623 0.299000
v 1.891494 0.842704 0.299000
v 1.847151 0.830470 0.299000
v 1.887504 0.857164 0.264000
v 1.843161 0.844930 0.264000
v 1.883515 0.871624 0.225000
v 1.839172 0.859390 0.225000
v 1.880057 0.884156 0.185000
v 1.835714 0.871921 0.185000
v 1.878196 0.890904 0.150000
v 1.833853 0.878669 0.150000
v 1.878728 0.888976 0.129000
v 1.834384 0.876741 0.129000
v 1.881387 0.879336 0.114000
v 1.837044 0.867101 0.114000
v 1.886707 0.860056 0.102000
v 1.842363 0.847822 0.102000
v 1.895749 0.827281 0.096000
v 1.851406 0.815046 0.096000
v 1.904792 0.794505 0.102000
v 1.860449 0.782271 0.102000
v 1.910111 0.775226 0.114000
v 1.865768 0.762991 0.114000
v 1.912771 0.765586 0.129000
v 1.868428 0.753351 0.129000
v 1.913303 0.763658 0.150000
v 1.868960 0.751423 0.150000
v 1.911441 0.770406 0.185000
v 1.867098 0.758171 0.185000
v 1.907984 0.782937 0.225000
v 1.863640 0.770703 0.225000
v 1.903994 0.797397 0.264000
v 1.859651 0.785163 0.264000
v 1.849278 0.822758 0.036000
v 1.878198 0.830737 0.036000
v 1.842363 0.847822 0.036000
v 1.878198 0.830737 0.128000
v 1.882453 0.815313 0.036000
v 1.889368 0.790250 0.021000
v 1.871283 0.855801 0.021000
v 1.871283 0.855801 0.036000
v 1.842363 0.847822 0.021000
v 1.853534 0.807334 0.036000
v 1.860449 0.782271 0.021000
v 1.860449 0.782271 0.036000
v 1.889368 0.790250 0.036000
v 1.853534 0.807334 0.128000
v 1.849278 0.822758 0.128000
v 1.882453 0.815313 0.128000
v 1.865268 1.047236 0.332000
v 1.906231 1.026305 0.332000
v 1.872549 1.061483 0.299000
v 1.913511 1.040553 0.299000
v 1.857988 1.032988 0.299000
v 1.898950 1.012057 0.299000
v 1.851163 1.019631 0.264000
v 1.892125 0.998700 0.264000
v 1.844338 1.006273 0.225000
v 1.885300 0.985343 0.225000
v 1.838423 0.994697 0.185000
v 1.879385 0.973766 0.185000
v 1.835238 0.988464 0.150000
v 1.876200 0.967533 0.150000
v 1.836148 0.990245 0.129000
v 1.877110 0.969314 0.129000
v 1.840698 0.999149 0.114000
v 1.881660 0.978219 0.114000
v 1.849798 1.016959 0.102000
v 1.890760 0.996028 0.102000
v 1.865268 1.047236 0.096000
v 1.906231 1.026305 0.096000
v 1.880739 1.077512 0.102000
v 1.921701 1.056581 0.102000
v 1.889839 1.095322 0.114000
v 1.930802 1.074391 0.114000
v 1.894389 1.104227 0.129000
v 1.935352 1.083296 0.129000
v 1.895299 1.106007 0.150000
v 1.936262 1.085077 0.150000
v 1.892114 1.099774 0.185000
v 1.933077 1.078843 0.185000
v 1.886199 1.088198 0.225000
v 1.927161 1.067267 0.225000
v 1.879374 1.074841 0.264000
v 1.920336 1.053910 0.264000
v 1.902591 1.019181 0.036000
v 1.875876 1.032831 0.036000
v 1.890760 0.996028 0.036000
v 1.875876 1.032831 0.128000
v 1.883156 1.047079 0.036000
v 1.894987 1.070232 0.021000
v 1.864046 1.009679 0.021000
v 1.864046 1.009679 0.036000
v 1.890760 0.996028 0.021000
v 1.909871 1.033429 0.036000
v 1.921701 1.056581 0.021000
v 1.921701 1.056581 0.036000
v 1.894987 1.070232 0.036000
v 1.909871 1.033429 0.128000
v 1.902591 1.019181 0.128000
v 1.883156 1.047079 0.128000
v 2.099750 0.636700 0.332000
v 2.083545 0.679751 0.332000
v 2.084776 0.631063 0.299000
v 2.068571 0.674114 0.299000
v 2.114724 0.642336 0.299000
v 2.098520 0.685387 0.299000
v 2.128763 0.647620 0.264000
v 2.112558 0.690671 0.264000
v 2.142801 0.652904 0.225000
v 2.126596 0.695955 0.225000
v 2.154968 0.657484 0.185000
v 2.138763 0.700535 0.185000
v 2.161519 0.659950 0.150000
v 2.145314 0.703001 0.150000
v 2.159647 0.659245 0.129000
v 2.143443 0.702296 0.129000
v 2.150288 0.655722 0.114000
v 2.134084 0.698774 0.114000
v 2.131570 0.648677 0.102000
v 2.115366 0.691728 0.102000
v 2.099750 0.636700 0.096000
v 2.083545 0.679751 0.096000
v 2.067930 0.624722 0.102000
v 2.051725 0.667773 0.102000
v 2.049212 0.617677 0.114000
v 2.033007 0.660728 0.114000
v 2.039853 0.614154 0.129000
v 2.023648 0.657205 0.129000
v 2.037981 0.613449 0.150000
v 2.021776 0.656501 0.150000
v 2.044532 0.615915 0.185000
v 2.028327 0.658967 0.185000
v 2.056699 0.620495 0.225000
v 2.040494 0.663546 0.225000
v 2.070737 0.625779 0.264000
v 2.054533 0.668830 0.264000
v 2.091033 0.682569 0.036000
v 2.101601 0.654492 0.036000
v 2.115366 0.691728 0.036000
v 2.101601 0.654492 0.128000
v 2.086626 0.648856 0.036000
v 2.062293 0.639697 0.021000
v 2.125934 0.663651 0.021000
v 2.125934 0.663651 0.036000
v 2.115366 0.691728 0.021000
v 2.076058 0.676933 0.036000
v 2.051725 0.667773 0.021000
v 2.051725 0.667773 0.036000
v 2.062293 0.639697 0.036000
v 2.076058 0.676933 0.128000
v 2.091033 0.682569 0.128000
v 2.086626 0.648856 0.128000
v 2.071974 0.874021 0.332000
v 2.054843 0.831330 0.332000
v 2.086823 0.868063 0.299000
v 2.069693 0.825372 0.299000
v 2.057125 0.879980 0.299000
v 2.039994 0.837288 0.299000
v 2.043204 0.885566 0.264000
v 2.026073 0.842874 0.264000
v 2.029283 0.891152 0.225000
v 2.012152 0.848460 0.225000
v 2.017217 0.895993 0.185000
v 2.000087 0.853301 0.185000
v 2.010721 0.898600 0.150000
v 1.993591 0.855908 0.150000
v 2.012577 0.897855 0.129000
v 1.995447 0.855164 0.129000
v 2.021858 0.894131 0.114000
v 2.004728 0.851439 0.114000
v 2.040419 0.886683 0.102000
v 2.023289 0.843992 0.102000
v 2.071974 0.874021 0.096000
v 2.054843 0.831330 0.096000
v 2.103528 0.861360 0.102000
v 2.086398 0.818668 0.102000
v 2.122090 0.853912 0.114000
v 2.104959 0.811220 0.114000
v 2.131371 0.850188 0.129000
v 2.114240 0.807496 0.129000
v 2.133227 0.849443 0.150000
v 2.116096 0.806752 0.150000
v 2.126730 0.852050 0.185000
v 2.109600 0.809358 0.185000
v 2.114665 0.856891 0.225000
v 2.097535 0.814200 0.225000
v 2.100744 0.862477 0.264000
v 2.083614 0.819786 0.264000
v 2.047419 0.834309 0.036000
v 2.058591 0.862151 0.036000
v 2.023289 0.843992 0.036000
v 2.058591 0.862151 0.128000
v 2.073440 0.856193 0.036000
v 2.097570 0.846511 0.021000
v 2.034461 0.871834 0.021000
v 2.034461 0.871834 0.036000
v 2.023289 0.843992 0.021000
v 2.062268 0.828351 0.036000
v 2.086398 0.818668 0.021000
v 2.086398 0.818668 0.036000
v 2.097570 0.846511 0.036000
v 2.062268 0.828351 0.128000
v 2.047419 0.834309 0.128000
v 2.073440 0.856193 0.128000
v 2.061377 1.067205 0.332000
v 2.102845 1.087115 0.332000
v 2.054451 1.081629 0.299000
v 2.095920 1.101538 0.299000
v 2.068301 1.052781 0.299000
v 2.109770 1.072691 0.299000
v 2.074794 1.039259 0.264000
v 2.116262 1.059169 0.264000
v 2.081286 1.025737 0.225000
v 2.122754 1.045646 0.225000
v 2.086912 1.014018 0.185000
v 2.128381 1.033927 0.185000
v 2.089942 1.007707 0.150000
v 2.131410 1.027617 0.150000
v 2.089077 1.009510 0.129000
v 2.130545 1.029420 0.129000
v 2.084749 1.018525 0.114000
v 2.126217 1.038435 0.114000
v 2.076092 1.036555 0.102000
v 2.117560 1.056464 0.102000
v 2.061377 1.067205 0.096000
v 2.102845 1.087115 0.096000
v 2.046661 1.097856 0.102000
v 2.088129 1.117765 0.102000
v 2.038005 1.115885 0.114000
v 2.079473 1.135795 0.114000
v 2.033676 1.124900 0.129000
v 2.075145 1.144809 0.129000
v 2.032811 1.126703 0.150000
v 2.074279 1.146613 0.150000
v 2.035841 1.120393 0.185000
v 2.077309 1.140302 0.185000
v 2.041467 1.108673 0.225000
v 2.082935 1.128583 0.225000
v 2.047959 1.095151 0.264000
v 2.089427 1.115061 0.264000
v 2.106307 1.079903 0.036000
v 2.079263 1.066918 0.036000
v 2.117560 1.056464 0.036000
v 2.079263 1.066918 0.128000
v 2.072338 1.081342 0.036000
v 2.061085 1.104781 0.021000
v 2.090516 1.043480 0.021000
v 2.090516 1.043480 0.036000
v 2.117560 1.056464 0.021000
v 2.099382 1.094326 0.036000
v 2.088129 1.117765 0.021000
v 2.088129 1.117765 0.036000
v 2.061085 1.104781 0.036000
v 2.099382 1.094326 0.128000
v 2.106307 1.079903 0.128000
v 2.072338 1.081342 0.128000
v 1.052034 3.903406 0.332000
v 1.007966 3.916595 0.332000
v 1.047447 3.888077 0.299000
v 1.003378 3.901266 0.299000
v 1.056622 3.918734 0.299000
v 1.012553 3.931923 0.299000
v 1.060923 3.933104 0.264000
v 1.016854 3.946293 0.264000
v 1.065223 3.947474 0.225000
v 1.021155 3.960663 0.225000
v 1.068951 3.959929 0.185000
v 1.024882 3.973117 0.185000
v 1.070958 3.966635 0.150000
v 1.026889 3.979824 0.150000
v 1.070384 3.964719 0.129000
v 1.026315 3.977908 0.129000
v 1.067517 3.955138 0.114000
v 1.023448 3.968327 0.114000
v 1.061783 3.935978 0.102000
v 1.017714 3.949167 0.102000
v 1.052034 3.903406 0.096000
v 1.007966 3.916595 0.096000
v 1.042286 3.870833 0.102000
v 0.998217 3.884022 0.102000
v 1.036552 3.851673 0.114000
v 0.992483 3.864862 0.114000
v 1.033685 3.842093 0.129000
v 0.989616 3.855282 0.129000
v 1.033111 3.840177 0.150000
v 0.989042 3.853365 0.150000
v 1.035118 3.846883 0.185000
v 0.991049 3.860072 0.185000
v 1.038845 3.859337 0.225000
v 0.994777 3.872526 0.225000
v 1.043146 3.873707 0.264000
v 0.999077 3.886896 0.264000
v 1.010259 3.924259 0.036000
v 1.039000 3.915657 0.036000
v 1.017714 3.949167 0.036000
v 1.039000 3.915657 0.128000
v 1.034412 3.900329 0.036000
v 1.026958 3.875421 0.021000
v 1.046454 3.940566 0.021000
v 1.046454 3.940566 0.036000
v 1.017714 3.949167 0.021000
v 1.005672 3.908930 0.036000
v 0.998217 3.884022 0.021000
v 0.998217 3.884022 0.036000
v 1.026958 3.875421 0.036000
v 1.005672 3.908930 0.128000
v 1.010259 3.924259 0.128000
v 1.034412 3.900329 0.128000
v 1.258206 3.899746 0.332000
v 1.281794 3.860254 0.332000
v 1.271943 3.907951 0.299000
v 1.295530 3.868458 0.299000
v 1.244470 3.891542 0.299000
v 1.268057 3.852050 0.299000
v 1.231592 3.883850 0.264000
v 1.255179 3.844358 0.264000
v 1.218714 3.876159 0.225000
v 1.242301 3.836667 0.225000
v 1.207553 3.869493 0.185000
v 1.231141 3.830001 0.185000
v 1.201544 3.865903 0.150000
v 1.225131 3.826411 0.150000
v 1.203261 3.866929 0.129000
v 1.226848 3.827437 0.129000
v 1.211846 3.872057 0.114000
v 1.235433 3.832564 0.114000
v 1.229016 3.882312 0.102000
v 1.252604 3.842820 0.102000
v 1.258206 3.899746 0.096000
v 1.281794 3.860254 0.096000
v 1.287396 3.917180 0.102000
v 1.310984 3.877688 0.102000
v 1.304567 3.927436 0.114000
v 1.328154 3.887944 0.114000
v 1.313152 3.932564 0.129000
v 1.336739 3.893071 0.129000
v 1.314869 3.933589 0.150000
v 1.338456 3.894097 0.150000
v 1.308859 3.930000 0.185000
v 1.332447 3.890507 0.185000
v 1.297698 3.923334 0.225000
v 1.321286 3.883842 0.225000
v 1.284821 3.915642 0.264000
v 1.308408 3.876150 0.264000
v 1.274925 3.856152 0.036000
v 1.259542 3.881908 0.036000
v 1.252604 3.842820 0.036000
v 1.259542 3.881908 0.128000
v 1.273279 3.890112 0.036000
v 1.295601 3.903444 0.021000
v 1.237221 3.868576 0.021000
v 1.237221 3.868576 0.036000
v 1.252604 3.842820 0.021000
v 1.288662 3.864356 0.036000
v 1.310984 3.877688 0.021000
v 1.310984 3.877688 0.036000
v 1.295601 3.903444 0.036000
v 1.288662 3.864356 0.128000
v 1.274925 3.856152 0.128000
v 1.273279 3.890112 0.128000
v 2.325359 3.857473 0.332000
v 2.334641 3.902527 0.332000
v 2.309688 3.860702 0.299000
v 2.318970 3.905756 0.299000
v 2.341030 3.854245 0.299000
v 2.350312 3.899298 0.299000
v 2.355721 3.851218 0.264000
v 2.365003 3.896271 0.264000
v 2.370413 3.848191 0.225000
v 2.379695 3.893245 0.225000
v 2.383145 3.845568 0.185000
v 2.392427 3.890621 0.185000
v 2.390001 3.844155 0.150000
v 2.399283 3.889209 0.150000
v 2.388042 3.844559 0.129000
v 2.397325 3.889612 0.129000
v 2.378248 3.846577 0.114000
v 2.387530 3.891630 0.114000
v 2.358659 3.850612 0.102000
v 2.367942 3.895666 0.102000
v 2.325359 3.857473 0.096000
v 2.334641 3.902527 0.096000
v 2.292058 3.864334 0.102000
v 2.301341 3.909388 0.102000
v 2.272470 3.868370 0.114000
v 2.281752 3.913424 0.114000
v 2.262675 3.870388 0.129000
v 2.271958 3.915442 0.129000
v 2.260716 3.870791 0.150000
v 2.269999 3.915845 0.150000
v 2.267572 3.869379 0.185000
v 2.276855 3.914433 0.185000
v 2.280305 3.866755 0.225000
v 2.289587 3.911809 0.225000
v 2.294997 3.863729 0.264000
v 2.304279 3.908782 0.264000
v 2.342477 3.900913 0.036000
v 2.336423 3.871530 0.036000
v 2.367942 3.895666 0.036000
v 2.336423 3.871530 0.128000
v 2.320752 3.874758 0.036000
v 2.295287 3.880005 0.021000
v 2.361888 3.866283 0.021000
v 2.361888 3.866283 0.036000
v 2.367942 3.895666 0.021000
v 2.326806 3.904141 0.036000
v 2.301341 3.909388 0.021000
v 2.301341 3.909388 0.036000
v 2.295287 3.880005 0.036000
v 2.326806 3.904141 0.128000
v 2.342477 3.900913 0.128000
v 2.320752 3.874758 0.128000
v 2.588595 3.923536 0.332000
v 2.551404 3.896465 0.332000
v 2.598011 3.910600 0.299000
v 2.560821 3.883529 0.299000
v 2.579179 3.936471 0.299000
v 2.541989 3.909400 0.299000
v 2.570352 3.948599 0.264000
v 2.533161 3.921528 0.264000
v 2.561524 3.960726 0.225000
v 2.524333 3.933656 0.225000
v 2.553874 3.971237 0.185000
v 2.516683 3.944166 0.185000
v 2.549754 3.976896 0.150000
v 2.512563 3.949825 0.150000
v 2.550931 3.975279 0.129000
v 2.513741 3.948208 0.129000
v 2.556816 3.967194 0.114000
v 2.519625 3.940123 0.114000
v 2.568586 3.951025 0.102000
v 2.531395 3.923954 0.102000
v 2.588595 3.923536 0.096000
v 2.551404 3.896465 0.096000
v 2.608604 3.896047 0.102000
v 2.571414 3.868976 0.102000
v 2.620374 3.879877 0.114000
v 2.583184 3.852806 0.114000
v 2.626259 3.871792 0.129000
v 2.589069 3.844721 0.129000
v 2.627436 3.870175 0.150000
v 2.590245 3.843104 0.150000
v 2.623317 3.875834 0.185000
v 2.586126 3.848763 0.185000
v 2.615666 3.886345 0.225000
v 2.578475 3.859274 0.225000
v 2.606839 3.898472 0.264000
v 2.569648 3.871401 0.264000
v 2.546696 3.902933 0.036000
v 2.570951 3.920588 0.036000
v 2.531395 3.923954 0.036000
v 2.570951 3.920588 0.128000
v 2.580367 3.907652 0.036000
v 2.595669 3.886631 0.021000
v 2.555650 3.941608 0.021000
v 2.555650 3.941608 0.036000
v 2.531395 3.923954 0.021000
v 2.556113 3.889997 0.036000
v 2.571414 3.868976 0.021000
v 2.571414 3.868976 0.036000
v 2.595669 3.886631 0.036000
v 2.556113 3.889997 0.128000
v 2.546696 3.902933 0.128000
v 2.580367 3.907652 0.128000
v 0.657145 2.902580 0.332000
v 0.702855 2.897421 0.332000
v 0.658940 2.918479 0.299000
v 0.704649 2.913320 0.299000
v 0.655351 2.886681 0.299000
v 0.701060 2.881521 0.299000
v 0.653668 2.871775 0.264000
v 0.699378 2.866616 0.264000
v 0.651986 2.856870 0.225000
v 0.697696 2.851711 0.225000
v 0.650528 2.843952 0.185000
v 0.696238 2.838793 0.185000
v 0.649743 2.836996 0.150000
v 0.695453 2.831837 0.150000
v 0.649967 2.838983 0.129000
v 0.695677 2.833824 0.129000
v 0.651089 2.848920 0.114000
v 0.696799 2.843761 0.114000
v 0.653332 2.868794 0.102000
v 0.699042 2.863635 0.102000
v 0.657145 2.902580 0.096000
v 0.702855 2.897421 0.096000
v 0.660958 2.936365 0.102000
v 0.706668 2.931206 0.102000
v 0.663201 2.956239 0.114000
v 0.708911 2.951080 0.114000
v 0.664323 2.966176 0.129000
v 0.710033 2.961017 0.129000
v 0.664547 2.968163 0.150000
v 0.710257 2.963004 0.150000
v 0.663762 2.961207 0.185000
v 0.709472 2.956048 0.185000
v 0.662304 2.948289 0.225000
v 0.708014 2.943130 0.225000
v 0.660622 2.933384 0.264000
v 0.706332 2.928225 0.264000
v 0.701958 2.889471 0.036000
v 0.672147 2.892836 0.036000
v 0.699042 2.863635 0.036000
v 0.672147 2.892836 0.128000
v 0.673941 2.908735 0.036000
v 0.676857 2.934571 0.021000
v 0.669231 2.867000 0.021000
v 0.669231 2.867000 0.036000
v 0.699042 2.863635 0.021000
v 0.703752 2.905370 0.036000
v 0.706668 2.931206 0.021000
v 0.706668 2.931206 0.036000
v 0.676857 2.934571 0.036000
v 0.703752 2.905370 0.128000
v 0.701958 2.889471 0.128000
v 0.673941 2.908735 0.128000
v 0.665166 3.092708 0.332000
v 0.634834 3.127291 0.332000
v 0.653137 3.082158 0.299000
v 0.622805 3.116741 0.299000
v 0.677195 3.103259 0.299000
v 0.646863 3.137842 0.299000
v 0.688472 3.113149 0.264000
v 0.658140 3.147732 0.264000
v 0.699749 3.123040 0.225000
v 0.669417 3.157623 0.225000
v 0.709522 3.131612 0.185000
v 0.679191 3.166195 0.185000
v 0.714785 3.136228 0.150000
v 0.684453 3.170811 0.150000
v 0.713281 3.134909 0.129000
v 0.682950 3.169492 0.129000
v 0.705763 3.128315 0.114000
v 0.675432 3.162898 0.114000
v 0.690727 3.115128 0.102000
v 0.660396 3.149710 0.102000
v 0.665166 3.092708 0.096000
v 0.634834 3.127291 0.096000
v 0.639604 3.070289 0.102000
v 0.609273 3.104872 0.102000
v 0.624568 3.057101 0.114000
v 0.594237 3.091685 0.114000
v 0.617050 3.050508 0.129000
v 0.586719 3.085091 0.129000
v 0.615547 3.049189 0.150000
v 0.585215 3.083772 0.150000
v 0.620809 3.053805 0.185000
v 0.590478 3.088388 0.185000
v 0.630583 3.062377 0.225000
v 0.600251 3.096960 0.225000
v 0.641860 3.072268 0.264000
v 0.611528 3.106850 0.264000
v 0.640849 3.132566 0.036000
v 0.660630 3.110012 0.036000
v 0.660396 3.149710 0.036000
v 0.660630 3.110012 0.128000
v 0.648601 3.099462 0.036000
v 0.629054 3.082318 0.021000
v 0.680177 3.127156 0.021000
v 0.680177 3.127156 0.036000
v 0.660396 3.149710 0.021000
v 0.628820 3.122016 0.036000
v 0.609273 3.104872 0.021000
v 0.609273 3.104872 0.036000
v 0.629054 3.082318 0.036000
v 0.628820 3.122016 0.128000
v 0.640849 3.132566 0.128000
v 0.648601 3.099462 0.128000
v 0.880497 3.132995 0.332000
v 0.879503 3.087005 0.332000
v 0.896493 3.132649 0.299000
v 0.895500 3.086660 0.299000
v 0.864500 3.133340 0.299000
v 0.863507 3.087351 0.299000
v 0.849504 3.133664 0.264000
v 0.848511 3.087675 0.264000
v 0.834507 3.133988 0.225000
v 0.833514 3.087998 0.225000
v 0.821510 3.134269 0.185000
v 0.820517 3.088279 0.185000
v 0.814512 3.134419 0.150000
v 0.813519 3.088430 0.150000
v 0.816512 3.134376 0.129000
v 0.815518 3.088387 0.129000
v 0.826509 3.134161 0.114000
v 0.825516 3.088171 0.114000
v 0.846505 3.133729 0.102000
v 0.845511 3.087739 0.102000
v 0.880497 3.132995 0.096000
v 0.879503 3.087005 0.096000
v 0.914489 3.132260 0.102000
v 0.913495 3.086271 0.102000
v 0.934484 3.131829 0.114000
v 0.933491 3.085839 0.114000
v 0.944482 3.131613 0.129000
v 0.943488 3.085624 0.129000
v 0.946481 3.131570 0.150000
v 0.945488 3.085580 0.150000
v 0.939483 3.131721 0.185000
v 0.938490 3.085731 0.185000
v 0.926486 3.132001 0.225000
v 0.925493 3.086012 0.225000
v 0.911489 3.132325 0.264000
v 0.910496 3.086336 0.264000
v 0.871505 3.087178 0.036000
v 0.872153 3.117171 0.036000
v 0.845511 3.087739 0.036000
v 0.872153 3.117171 0.128000
v 0.888149 3.116826 0.036000
v 0.914143 3.116264 0.021000
v 0.846159 3.117732 0.021000
v 0.846159 3.117732 0.036000
v 0.845511 3.087739 0.021000
v 0.887502 3.086833 0.036000
v 0.913495 3.086271 0.021000
v 0.913495 3.086271 0.036000
v 0.914143 3.116264 0.036000
v 0.887502 3.086833 0.128000
v 0.871505 3.087178 0.128000
v 0.888149 3.116826 0.128000
v 1.750000 1.750000 0.330000
v 1.750000 1.750000 0.370000
v 1.750000 2.250000 0.370000
v 1.750000 2.250000 0.330000
v 2.250000 2.250000 0.370000
v 2.250000 2.250000 0.330000
v 2.250000 1.750000 0.370000
v 2.250000 1.750000 0.330000
v 1.782000 1.782000 0.020000
v 1.782000 1.773515 0.023515
v 1.775072 1.775072 0.025072
v 1.773515 1.782000 0.023515
v 1.782000 1.770000 0.032000
v 1.773515 1.773515 0.032000
v 1.770000 1.782000 0.032000
v 1.782000 1.770000 0.048000
v 1.782000 1.773515 0.056485
v 1.775072 1.775072 0.054928
v 1.773515 1.773515 0.048000
v 1.782000 1.782000 0.060000
v 1.773515 1.782000 0.056485
v 1.770000 1.782000 0.048000
v 1.782000 2.218000 0.020000
v 1.773515 2.218000 0.023515
v 1.775072 2.224928 0.025072
v 1.782000 2.226485 0.023515
v 1.770000 2.218000 0.032000
v 1.773515 2.226485 0.032000
v 1.782000 2.230000 0.032000
v 1.782000 2.218000 0.060000
v 1.782000 2.226485 0.056485
v 1.775072 2.224928 0.054928
v 1.773515 2.218000 0.056485
v 1.782000 2.230000 0.048000
v 1.773515 2.226485 0.048000
v 1.770000 2.218000 0.048000
v 2.218000 1.782000 0.020000
v 2.226485 1.782000 0.023515
v 2.224928 1.775072 0.025072
v 2.218000 1.773515 0.023515
v 2.230000 1.782000 0.032000
v 2.226485 1.773515 0.032000
v 2.218000 1.770000 0.032000
v 2.218000 1.782000 0.060000
v 2.218000 1.773515 0.056485
v 2.224928 1.775072 0.054928
v 2.226485 1.782000 0.056485
v 2.218000 1.770000 0.048000
v 2.226485 1.773515 0.048000
v 2.230000 1.782000 0.048000
v 2.218000 2.218000 0.020000
v 2.218000 2.226485 0.023515
v 2.224928 2.224928 0.025072
v 2.226485 2.218000 0.023515
v 2.218000 2.230000 0.032000
v 2.226485 2.226485 0.032000
v 2.230000 2.218000 0.032000
v 2.218000 2.218000 0.060000
v 2.226485 2.218000 0.056485
v 2.224928 2.224928 0.054928
v 2.218000 2.226485 0.056485
v 2.230000 2.218000 0.048000
v 2.226485 2.226485 0.048000
v 2.218000 2.230000 0.048000
v 1.837463 1.808537 0.065000
v 1.838648 1.808399 0.062548
v 1.840598 1.806905 0.062624
v 1.839927 1.806810 0.065000
v 1.840676 1.808928 0.060740
v 1.841893 1.807142 0.061295
v 1.843071 1.810000 0.060000
v 1.844017 1.807548 0.060740
v 1.845088 1.805740 0.062548
v 1.842645 1.806060 0.062624
v 1.846034 1.805000 0.065000
v 1.843057 1.805519 0.065000
v 2.162537 1.808537 0.065000
v 2.160073 1.806810 0.065000
v 2.159402 1.806905 0.062624
v 2.161352 1.808399 0.062548
v 2.156942 1.805519 0.065000
v 2.157355 1.806060 0.062624
v 2.153966 1.805000 0.065000
v 2.154912 1.805740 0.062548
v 2.155983 1.807548 0.060740
v 2.158107 1.807142 0.061295
v 2.156929 1.810000 0.060000
v 2.159324 1.808928 0.060740
v 2.195000 1.846034 0.065000
v 2.194482 1.843058 0.065000
v 2.193940 1.842645 0.062624
v 2.194260 1.845088 0.062548
v 2.193190 1.839927 0.065000
v 2.193095 1.840598 0.062624
v 2.191463 1.837463 0.065000
v 2.191601 1.838648 0.062548
v 2.191072 1.840676 0.060740
v 2.192858 1.841893 0.061296
v 2.190000 1.843071 0.060000
v 2.192451 1.844017 0.060740
v 2.191463 2.162537 0.065000
v 2.193190 2.160073 0.065000
v 2.193095 2.159402 0.062624
v 2.191601 2.161352 0.062548
v 2.194482 2.156942 0.065000
v 2.193940 2.157355 0.062624
v 2.195000 2.153966 0.065000
v 2.194260 2.154912 0.062548
v 2.192451 2.155983 0.060740
v 2.192858 2.158107 0.061295
v 2.190000 2.156929 0.060000
v 2.191072 2.159324 0.060740
v 2.153966 2.195000 0.065000
v 2.156942 2.194481 0.065000
v 2.157355 2.193940 0.062624
v 2.154912 2.194260 0.062548
v 2.160073 2.193190 0.065000
v 2.159402 2.193095 0.062624
v 2.162537 2.191463 0.065000
v 2.161352 2.191601 0.062548
v 2.159324 2.191072 0.060740
v 2.158107 2.192858 0.061295
v 2.156929 2.190000 0.060000
v 2.155983 2.192451 0.060740
v 1.837463 2.191463 0.065000
v 1.839927 2.193190 0.065000
v 1.840598 2.193095 0.062624
v 1.838648 2.191601 0.062548
v 1.843057 2.194482 0.065000
v 1.842645 2.193940 0.062624
v 1.846034 2.195000 0.065000
v 1.845088 2.194260 0.062548
v 1.844017 2.192451 0.060740
v 1.841893 2.192858 0.061295
v 1.843071 2.190000 0.060000
v 1.840676 2.191072 0.060740
v 1.805000 2.153966 0.065000
v 1.805519 2.156942 0.065000
v 1.806060 2.157355 0.062624
v 1.805740 2.154912 0.062548
v 1.806810 2.160073 0.065000
v 1.806905 2.159402 0.062624
v 1.808537 2.162537 0.065000
v 1.808399 2.161352 0.062548
v 1.808928 2.159324 0.060740
v 1.807142 2.158107 0.061295
v 1.810000 2.156929 0.060000
v 1.807548 2.155983 0.060740
v 1.808537 1.837463 0.065000
v 1.806810 1.839927 0.065000
v 1.806905 1.840598 0.062624
v 1.808399 1.838648 0.062548
v 1.805519 1.843058 0.065000
v 1.806060 1.842645 0.062624
v 1.805000 1.846034 0.065000
v 1.805740 1.845088 0.062548
v 1.807548 1.844017 0.060740
v 1.807142 1.841893 0.061295
v 1.810000 1.843071 0.060000
v 1.808928 1.840676 0.060740
v 1.869628 1.851424 0.270193
v 1.872119 1.849732 0.270343
v 1.872361 1.849850 0.273324
v 1.869811 1.851601 0.273143
v 1.875247 1.848434 0.270320
v 1.875113 1.848660 0.273330
v 1.878190 1.847872 0.270129
v 1.877933 1.848081 0.273154
v 1.877636 1.847641 0.276550
v 1.874831 1.848310 0.276272
v 1.877379 1.846668 0.279423
v 1.874417 1.847404 0.279011
v 1.871207 1.848758 0.278896
v 1.872052 1.849519 0.276219
v 1.868594 1.850373 0.279107
v 1.869433 1.851218 0.276396
v 2.130372 1.851424 0.270193
v 2.130189 1.851601 0.273143
v 2.127639 1.849851 0.273324
v 2.127881 1.849732 0.270343
v 2.130567 1.851218 0.276396
v 2.127947 1.849519 0.276220
v 2.131406 1.850373 0.279107
v 2.128793 1.848758 0.278896
v 2.125583 1.847404 0.279011
v 2.125169 1.848310 0.276272
v 2.122621 1.846668 0.279423
v 2.122364 1.847641 0.276550
v 2.122067 1.848081 0.273154
v 2.124887 1.848660 0.273330
v 2.121810 1.847872 0.270129
v 2.124753 1.848434 0.270320
v 2.152128 1.878190 0.270129
v 2.151919 1.877933 0.273155
v 2.151340 1.875113 0.273330
v 2.151566 1.875247 0.270320
v 2.152359 1.877636 0.276550
v 2.151690 1.874831 0.276272
v 2.153332 1.877379 0.279423
v 2.152596 1.874417 0.279011
v 2.151242 1.871207 0.278896
v 2.150481 1.872052 0.276219
v 2.149627 1.868594 0.279107
v 2.148782 1.869433 0.276396
v 2.148399 1.869811 0.273143
v 2.150149 1.872361 0.273324
v 2.148576 1.869628 0.270193
v 2.150268 1.872119 0.270343
v 2.148576 2.130372 0.270193
v 2.148399 2.130189 0.273143
v 2.150149 2.127639 0.273324
v 2.150268 2.127881 0.270343
v 2.148782 2.130567 0.276396
v 2.150481 2.127948 0.276219
v 2.149627 2.131406 0.279107
v 2.151242 2.128793 0.278896
v 2.152596 2.125582 0.279011
v 2.151690 2.125169 0.276272
v 2.153332 2.122621 0.279423
v 2.152359 2.122364 0.276550
v 2.151919 2.122067 0.273154
v 2.151340 2.124887 0.273330
v 2.152128 2.121810 0.270129
v 2.151566 2.124753 0.270320
v 2.121810 2.152128 0.270129
v 2.122067 2.151919 0.273155
v 2.124887 2.151340 0.273330
v 2.124753 2.151566 0.270320
v 2.122364 2.152359 0.276550
v 2.125169 2.151690 0.276272
v 2.122621 2.153332 0.279423
v 2.125582 2.152596 0.279011
v 2.128793 2.151242 0.278896
v 2.127947 2.150481 0.276219
v 2.131406 2.149627 0.279107
v 2.130567 2.148782 0.276396
v 2.130189 2.148399 0.273143
v 2.127639 2.150149 0.273324
v 2.130372 2.148576 0.270193
v 2.127881 2.150268 0.270343
v 1.869628 2.148576 0.270193
v 1.869811 2.148399 0.273143
v 1.872361 2.150150 0.273324
v 1.872119 2.150268 0.270343
v 1.869433 2.148782 0.276396
v 1.872052 2.150481 0.276219
v 1.868594 2.149627 0.279107
v 1.871207 2.151243 0.278896
v 1.874417 2.152596 0.279011
v 1.874831 2.151690 0.276272
v 1.877379 2.153332 0.279423
v 1.877636 2.152359 0.276550
v 1.877933 2.151919 0.273154
v 1.875113 2.151340 0.273330
v 1.878190 2.152128 0.270129
v 1.875247 2.151566 0.270320
v 1.847872 2.121810 0.270129
v 1.848081 2.122067 0.273154
v 1.848660 2.124887 0.273330
v 1.848434 2.124753 0.270320
v 1.847641 2.122364 0.276550
v 1.848310 2.125169 0.276272
v 1.846668 2.122621 0.279423
v 1.847403 2.125583 0.279011
v 1.848758 2.128793 0.278896
v 1.849519 2.127947 0.276219
v 1.850373 2.131406 0.279107
v 1.851218 2.130567 0.276396
v 1.851601 2.130189 0.273143
v 1.849851 2.127639 0.273324
v 1.851424 2.130372 0.270193
v 1.849732 2.127881 0.270343
v 1.851424 1.869628 0.270193
v 1.851601 1.869811 0.273143
v 1.849851 1.872361 0.273324
v 1.849732 1.872119 0.270343
v 1.851218 1.869433 0.276396
v 1.849519 1.872053 0.276219
v 1.850373 1.868594 0.279107
v 1.848758 1.871207 0.278896
v 1.847404 1.874417 0.279011
v 1.848310 1.874831 0.276272
v 1.846668 1.877379 0.279423
v 1.847641 1.877636 0.276550
v 1.848081 1.877933 0.273154
v 1.848660 1.875113 0.273330
v 1.847872 1.878190 0.270129
v 1.848434 1.875247 0.270320
v 1.847328 1.825704 0.325893
v 1.850032 1.824194 0.325481
v 1.849715 1.823133 0.327697
v 1.847585 1.824521 0.327930
v 1.853347 1.822962 0.325366
v 1.851970 1.822315 0.327629
v 1.856399 1.822332 0.325577
v 1.854691 1.821931 0.327753
v 1.852779 1.822888 0.329340
v 1.850569 1.822744 0.328860
v 1.851071 1.825000 0.330000
v 1.848903 1.824273 0.329376
v 2.152672 1.825704 0.325893
v 2.152415 1.824521 0.327930
v 2.150285 1.823133 0.327697
v 2.149968 1.824194 0.325481
v 2.151097 1.824273 0.329376
v 2.149431 1.822745 0.328860
v 2.148929 1.825000 0.330000
v 2.147221 1.822888 0.329340
v 2.145308 1.821930 0.327753
v 2.148030 1.822315 0.327629
v 2.143600 1.822332 0.325577
v 2.146653 1.822962 0.325366
v 2.177668 1.856399 0.325577
v 2.178070 1.854691 0.327753
v 2.177685 1.851970 0.327629
v 2.177038 1.853347 0.325366
v 2.177112 1.852779 0.329340
v 2.177256 1.850569 0.328860
v 2.175000 1.851071 0.330000
v 2.175727 1.848903 0.329376
v 2.175479 1.847585 0.327930
v 2.176867 1.849715 0.327697
v 2.174296 1.847328 0.325893
v 2.175806 1.850032 0.325481
v 2.174296 2.152672 0.325893
v 2.175479 2.152415 0.327930
v 2.176867 2.150285 0.327697
v 2.175806 2.149968 0.325481
v 2.175727 2.151097 0.329376
v 2.177256 2.149431 0.328860
v 2.175000 2.148929 0.330000
v 2.177112 2.147221 0.329340
v 2.178070 2.145308 0.327753
v 2.177685 2.148030 0.327629
v 2.177668 2.143600 0.325577
v 2.177039 2.146653 0.325366
v 2.143600 2.177668 0.325577
v 2.145308 2.178069 0.327753
v 2.148030 2.177685 0.327629
v 2.146653 2.177038 0.325366
v 2.147221 2.177112 0.329340
v 2.149431 2.177256 0.328860
v 2.148929 2.175000 0.330000
v 2.151097 2.175727 0.329376
v 2.152415 2.175479 0.327930
v 2.150285 2.176867 0.327697
v 2.152672 2.174296 0.325893
v 2.149968 2.175806 0.325481
v 1.847328 2.174296 0.325893
v 1.847585 2.175479 0.327930
v 1.849715 2.176867 0.327697
v 1.850032 2.175806 0.325481
v 1.848903 2.175727 0.329376
v 1.850569 2.177256 0.328860
v 1.851071 2.175000 0.330000
v 1.852779 2.177112 0.329340
v 1.854691 2.178070 0.327753
v 1.851970 2.177685 0.327629
v 1.856399 2.177668 0.325577
v 1.853347 2.177039 0.325366
v 1.822332 2.143600 0.325577
v 1.821931 2.145308 0.327753
v 1.822315 2.148030 0.327629
v 1.822962 2.146653 0.325366
v 1.822888 2.147221 0.329340
v 1.822744 2.149431 0.328860
v 1.825000 2.148929 0.330000
v 1.824273 2.151097 0.329376
v 1.824521 2.152415 0.327930
v 1.823133 2.150285 0.327697
v 1.825704 2.152672 0.325893
v 1.824194 2.149968 0.325481
v 1.825704 1.847328 0.325893
v 1.824521 1.847585 0.327930
v 1.823133 1.849715 0.327697
v 1.824194 1.850032 0.325481
v 1.824273 1.848903 0.329376
v 1.822744 1.850569 0.328860
v 1.825000 1.851071 0.330000
v 1.822888 1.852779 0.329340
v 1.821931 1.854691 0.327753
v 1.822315 1.851970 0.327629
v 1.822332 1.856399 0.325577
v 1.822962 1.853347 0.325366
v 1.846035 1.805000 0.085000
v 1.843044 1.805474 0.085000
v 1.839906 1.806768 0.085000
v 1.837463 1.808537 0.085000
v 2.162537 1.808537 0.085000
v 2.160094 1.806768 0.085000
v 2.156956 1.805474 0.085000
v 2.153965 1.805000 0.085000
v 2.195000 1.846035 0.085000
v 2.194526 1.843044 0.085000
v 2.193232 1.839906 0.085000
v 2.191463 1.837463 0.085000
v 2.191463 2.162537 0.085000
v 2.193232 2.160094 0.085000
v 2.194526 2.156956 0.085000
v 2.195000 2.153965 0.085000
v 2.153965 2.195000 0.085000
v 2.156956 2.194526 0.085000
v 2.160094 2.193232 0.085000
v 2.162537 2.191463 0.085000
v 1.837463 2.191463 0.085000
v 1.839906 2.193232 0.085000
v 1.843044 2.194526 0.085000
v 1.846035 2.195000 0.085000
v 1.805000 2.153965 0.085000
v 1.805474 2.156956 0.085000
v 1.806768 2.160094 0.085000
v 1.808537 2.162537 0.085000
v 1.808537 1.837463 0.085000
v 1.806768 1.839906 0.085000
v 1.805474 1.843044 0.085000
v 1.805000 1.846035 0.085000
v 1.800000 1.800000 0.308000
v 1.800000 1.796464 0.309464
v 1.797113 1.797113 0.310113
v 1.796464 1.800000 0.309464
v 1.800000 1.795000 0.313000
v 1.796464 1.796464 0.313000
v 1.795000 1.800000 0.313000
v 1.800000 1.795000 0.325000
v 1.800000 1.796464 0.328536
v 1.797113 1.797113 0.327887
v 1.796464 1.796464 0.325000
v 1.800000 1.800000 0.330000
v 1.796464 1.800000 0.328536
v 1.795000 1.800000 0.325000
v 1.800000 2.200000 0.308000
v 1.796464 2.200000 0.309464
v 1.797113 2.202887 0.310113
v 1.800000 2.203536 0.309464
v 1.795000 2.200000 0.313000
v 1.796464 2.203536 0.313000
v 1.800000 2.205000 0.313000
v 1.800000 2.200000 0.330000
v 1.800000 2.203536 0.328536
v 1.797113 2.202887 0.327887
v 1.796464 2.200000 0.328536
v 1.800000 2.205000 0.325000
v 1.796464 2.203536 0.325000
v 1.795000 2.200000 0.325000
v 2.200000 1.800000 0.308000
v 2.203536 1.800000 0.309464
v 2.202887 1.797113 0.310113
v 2.200000 1.796464 0.309464
v 2.205000 1.800000 0.313000
v 2.203536 1.796464 0.313000
v 2.200000 1.795000 0.313000
v 2.200000 1.800000 0.330000
v 2.200000 1.796464 0.328536
v 2.202887 1.797113 0.327887
v 2.203536 1.800000 0.328536
v 2.200000 1.795000 0.325000
v 2.203536 1.796464 0.325000
v 2.205000 1.800000 0.325000
v 2.200000 2.200000 0.308000
v 2.200000 2.203536 0.309464
v 2.202887 2.202887 0.310113
v 2.203536 2.200000 0.309464
v 2.200000 2.205000 0.313000
v 2.203536 2.203536 0.313000
v 2.205000 2.200000 0.313000
v 2.200000 2.200000 0.330000
v 2.203536 2.200000 0.328536
v 2.202887 2.202887 0.327887
v 2.200000 2.203536 0.328536
v 2.205000 2.200000 0.325000
v 2.203536 2.203536 0.325000
v 2.200000 2.205000 0.325000
v 1.805000 1.748000 0.347500
v 1.805000 1.748000 0.352500
v 1.805000 1.750000 0.352500
v 1.805000 1.750000 0.347500
v 2.195000 1.750000 0.352500
v 2.195000 1.750000 0.347500
v 2.195000 1.748000 0.352500
v 2.195000 1.748000 0.347500
v 1.805000 2.250000 0.347500
v 1.805000 2.250000 0.352500
v 1.805000 2.252000 0.352500
v 1.805000 2.252000 0.347500
v 2.195000 2.252000 0.352500
v 2.195000 2.252000 0.347500
v 2.195000 2.250000 0.352500
v 2.195000 2.250000 0.347500
v 1.748000 1.805000 0.347500
v 1.748000 1.805000 0.352500
v 1.748000 2.195000 0.352500
v 1.748000 2.195000 0.347500
v 1.750000 2.195000 0.352500
v 1.750000 2.195000 0.347500
v 1.750000 1.805000 0.352500
v 1.750000 1.805000 0.347500
v 2.250000 1.805000 0.347500
v 2.250000 1.805000 0.352500
v 2.250000 2.195000 0.352500
v 2.250000 2.195000 0.347500
v 2.252000 2.195000 0.352500
v 2.252000 2.195000 0.347500
v 2.252000 1.805000 0.352500
v 2.252000 1.805000 0.347500
vt 5.760000 0.098000
vt 6.259999 0.098000
vt 5.760000 0.056000
vt 6.760000 0.056000
vt 6.760000 0.098000
vt 5.600000 0.098000
vt 6.099999 0.098000
vt 5.600000 0.056000
vt 6.600000 0.056000
vt 6.600000 0.098000
vt 6.260001 0.098000
vt 6.100000 0.098000
vt 5.760000 5.600000
vt 5.760000 6.600000
vt 6.760000 5.600000
vt 6.760000 6.600000
vt 6.160002 6.099268
vt 6.359852 6.094574
vt 6.160670 6.111562
vt 6.359762 6.106886
vt 6.216082 6.010160
vt 6.205375 6.016238
vt 6.358160 6.119094
vt 6.162844 6.123681
vt 6.166491 6.135441
vt 6.263811 6.000072
vt 6.251502 6.000362
vt 6.167019 6.063194
vt 6.172247 6.052047
vt 6.178805 6.041627
vt 6.355070 6.131012
vt 6.214772 6.189188
vt 6.226075 6.194070
vt 6.358429 6.082345
vt 6.288069 6.004020
vt 6.355513 6.070383
vt 6.351150 6.058870
vt 6.239322 6.002161
vt 6.227455 6.005444
vt 6.195496 6.023585
vt 6.186594 6.032092
vt 6.163201 6.074900
vt 6.160851 6.086985
vt 6.171555 6.146663
vt 6.177959 6.157178
vt 6.185608 6.166827
vt 6.320846 6.020641
vt 6.330137 6.028720
vt 6.310632 6.013766
vt 6.338365 6.037879
vt 6.345405 6.047980
vt 6.299651 6.008197
vt 6.276062 6.001298
vt 6.237892 6.197526
vt 6.250044 6.199503
vt 6.262348 6.199973
vt 6.274615 6.198926
vt 6.286662 6.196380
vt 6.298304 6.192373
vt 6.194384 6.175462
vt 6.204154 6.182954
vt 6.309365 6.186966
vt 6.319678 6.180241
vt 6.329086 6.172299
vt 6.337447 6.163261
vt 6.344634 6.153264
vt 6.350538 6.142460
vt 6.485246 6.294747
vt 6.507471 6.265591
vt 6.525944 6.233925
vt 6.540386 6.200228
vt 6.550578 6.165012
vt 6.556365 6.128811
vt 6.557659 6.092173
vt 6.554441 6.055654
vt 6.546760 6.019806
vt 6.534731 5.985175
vt 6.518538 5.952283
vt 6.498426 5.921632
vt 6.474700 5.893684
vt 6.447719 5.868864
vt 6.417892 5.847547
vt 6.385672 5.830058
vt 6.351546 5.816660
vt 6.316033 5.807558
vt 6.279671 5.802888
vt 6.243010 5.802723
vt 6.206607 5.807064
vt 6.171013 5.815845
vt 6.136768 5.828935
vt 6.104392 5.846133
vt 6.074374 5.867180
vt 6.047170 5.891756
vt 6.023192 5.919488
vt 6.002804 5.949957
vt 5.986315 5.982701
vt 5.973975 6.017222
vt 5.965971 6.052999
vt 5.962423 6.089488
vt 5.963387 6.126136
vt 5.968847 6.162389
vt 5.978721 6.197695
vt 5.992858 6.231521
vt 6.011045 6.263352
vt 6.033006 6.292707
vt 6.058408 6.319141
vt 6.086866 6.342254
vt 6.117949 6.361694
vt 6.151185 6.377167
vt 6.186070 6.388438
vt 6.222076 6.395337
vt 6.258657 6.397759
vt 6.295258 6.395667
vt 6.331325 6.389093
vt 6.366311 6.378138
vt 6.399685 6.362965
vt 6.430941 6.343806
vt 6.459606 6.320951
vt 5.760000 6.099999
vt 5.760283 6.116832
vt 5.766139 6.178114
vt 5.779482 6.238212
vt 5.800108 6.296214
vt 5.827706 6.351242
vt 5.861858 6.402461
vt 5.902044 6.449096
vt 5.947658 6.490438
vt 5.998005 6.525863
vt 6.052324 6.554831
vt 6.109792 6.576904
vt 6.169536 6.591748
vt 6.260001 5.600000
vt 6.258564 5.600002
vt 6.197132 5.603968
vt 6.136652 5.615454
vt 6.078042 5.634284
vt 6.022190 5.660175
vt 5.969943 5.692732
vt 5.922092 5.731464
vt 5.879365 5.775782
vt 5.842408 5.825015
vt 5.811780 5.878417
vt 5.787948 5.935177
vt 5.771271 5.994436
vt 5.762002 6.055295
vt 6.760000 6.100000
vt 6.757732 6.052437
vt 6.748115 5.991632
vt 6.731098 5.932469
vt 6.706940 5.875847
vt 6.676006 5.822622
vt 6.638767 5.773602
vt 6.595785 5.729530
vt 6.547714 5.691074
vt 6.495281 5.658817
vt 6.439281 5.633247
vt 6.380564 5.614753
vt 6.320019 5.603615
vt 6.230652 6.599138
vt 6.259999 6.600000
vt 6.292212 6.598961
vt 6.353285 6.591221
vt 6.412943 6.576034
vt 6.470283 6.553631
vt 6.524435 6.524351
vt 6.574578 6.488639
vt 6.619953 6.447035
vt 6.659872 6.400170
vt 6.693728 6.348756
vt 6.721010 6.293571
vt 6.741303 6.235450
vt 6.754301 6.175277
vt 6.759805 6.113963
vt 1.715000 0.098000
vt 1.775000 0.098000
vt 1.715000 0.378000
vt 2.213774 0.098000
vt 2.037774 0.098000
vt 2.037774 0.378000
vt 1.775000 0.378000
vt 2.213774 0.378000
vt 1.965000 0.378000
vt 1.965000 0.098000
vt 1.905000 0.378000
vt 1.905000 0.098000
vt 2.032850 0.098000
vt 2.088774 0.378000
vt 2.032850 0.490000
vt 1.905000 0.490000
vt 1.984250 0.098000
vt 1.984250 0.596400
vt 1.840000 0.490000
vt 2.088774 0.490000
vt 1.775000 0.490000
vt 1.840000 0.596400
vt 1.695750 0.596400
vt 1.695750 0.098000
vt 2.000024 0.596400
vt 2.000024 0.098000
vt 1.855774 0.596400
vt 1.746662 0.596400
vt 1.746662 0.938000
vt 1.933338 0.596400
vt 1.840000 0.938000
vt 1.949112 0.938000
vt 1.949112 0.596400
vt 1.855774 0.938000
vt 1.762436 0.938000
vt 1.933338 0.938000
vt 1.762436 0.596400
vt 1.711524 0.596400
vt 1.711524 0.098000
vt 1.840000 0.098000
vt 2.140000 0.098000
vt 1.540000 0.098000
vt 1.540000 0.056000
vt 2.219774 0.098000
vt 1.619774 0.098000
vt 1.619774 0.056000
vt 2.140000 0.056000
vt 2.219774 0.056000
vt 1.540000 2.219774
vt 2.140000 2.219774
vt 1.540000 1.619774
vt 2.140000 1.619774
vt 1.855774 0.098000
vt 1.775000 2.032850
vt 1.715000 2.037774
vt 1.695750 2.000024
vt 1.775000 2.037774
vt 1.715000 2.213774
vt 1.775000 2.088774
vt 1.905000 2.088774
vt 1.965000 2.213774
vt 1.984250 2.000024
vt 1.965000 2.037774
vt 1.905000 2.037774
vt 1.840000 2.059774
vt 1.905000 2.032850
vt 1.840000 1.987774
vt 1.746662 1.949112
vt 1.636000 1.855774
vt 1.933338 1.949112
vt 1.708000 1.855774
vt 1.840000 1.723774
vt 1.746662 1.762436
vt 1.933338 1.762436
vt 1.972000 1.855774
vt 2.044000 1.855774
vt 1.984250 1.711524
vt 1.840000 1.651774
vt 1.695750 1.711524
vt 3.660803 0.798000
vt 3.270803 0.798000
vt 3.270803 0.938000
vt 7.570000 0.798000
vt 7.848000 0.798000
vt 7.848000 0.098000
vt 3.660803 0.938000
vt 7.292000 0.798000
vt 7.292000 0.098000
vt 4.050803 0.938000
vt 4.050803 0.798000
vt 3.280803 0.103600
vt 3.270803 0.098000
vt 4.050803 0.098000
vt 4.040803 0.103600
vt 3.280803 0.784000
vt 7.292000 0.784000
vt 7.292000 0.103600
vt 7.772000 0.103600
vt 7.772000 0.784000
vt 4.040803 0.784000
vt 4.040803 7.772000
vt 4.040803 7.292000
vt 3.280803 7.772000
vt 3.280803 7.292000
vt 7.860000 0.098000
vt 7.280000 0.098000
vt 7.280000 0.056000
vt 4.140803 0.098000
vt 3.180803 0.098000
vt 3.180803 0.056000
vt 4.140803 0.056000
vt 7.860000 0.056000
vt 3.180803 7.280000
vt 3.180803 7.860000
vt 4.140803 7.860000
vt 4.140803 7.280000
vt 3.270803 7.570000
vt 3.660803 7.848000
vt 3.270803 7.848000
vt 3.660803 7.292000
vt 3.270803 7.292000
vt 4.050803 7.570000
vt 4.050803 7.292000
vt 4.050803 7.848000
vt 1.592813 0.736400
vt 1.392940 0.736400
vt 1.592813 0.882000
vt 4.449672 0.736400
vt 4.567630 0.736400
vt 4.449672 0.882000
vt 4.567630 0.882000
vt 1.510218 0.736400
vt 1.510218 0.882000
vt 1.310345 0.882000
vt 4.589624 0.736400
vt 4.589624 0.882000
vt 4.707582 0.882000
vt 1.310345 0.736400
vt 1.392940 0.882000
vt 4.707582 0.736400
vt 4.619289 0.736400
vt 4.852747 0.736400
vt 4.619289 0.098000
vt 1.250545 0.736400
vt 1.250545 0.098000
vt 1.542163 0.736400
vt 4.852747 0.098000
vt 1.542163 0.098000
vt 4.552448 0.098000
vt 5.338834 0.098000
vt 5.338834 0.056000
vt 1.664202 0.098000
vt 1.189093 0.098000
vt 1.189093 0.056000
vt 4.552448 0.056000
vt 1.739727 0.056000
vt 1.739727 0.098000
vt 2.214835 0.056000
vt 2.214835 5.006160
vt 1.664202 4.219774
vt 1.739727 5.338834
vt 1.189093 4.552448
vt 5.006160 0.098000
vt 4.219774 0.098000
vt 4.219774 0.056000
vt 1.664202 0.056000
vt 5.006160 0.056000
vt 2.214835 0.098000
vt 4.927066 0.098000
vt 5.054034 0.098000
vt 5.054034 0.736400
vt 1.900649 0.098000
vt 1.900649 0.588000
vt 2.062022 0.098000
vt 4.927066 0.588000
vt 1.989553 0.736400
vt 1.989553 0.098000
vt 1.697935 0.736400
vt 4.415096 0.736400
vt 4.954269 0.736400
vt 5.072227 0.736400
vt 4.954269 0.882000
vt 1.946136 0.736400
vt 1.746263 0.736400
vt 1.946136 0.882000
vt 5.072227 0.882000
vt 1.863541 0.736400
vt 1.863541 0.882000
vt 1.663668 0.882000
vt 5.094222 0.736400
vt 5.094222 0.882000
vt 5.212180 0.882000
vt 1.663668 0.736400
vt 1.746263 0.882000
vt 5.212180 0.736400
vt 1.686009 0.736400
vt 1.534465 0.736400
vt 1.686009 0.938000
vt 4.746636 0.736400
vt 4.918658 0.736400
vt 4.746636 0.938000
vt 4.918658 0.938000
vt 1.565558 0.736400
vt 1.565558 0.938000
vt 1.409919 0.938000
vt 1.414014 0.736400
vt 1.409919 0.098000
vt 5.027637 0.098000
vt 4.855615 0.098000
vt 4.855615 0.938000
vt 5.027637 0.938000
vt 1.530370 0.098000
vt 1.530370 0.938000
vt 5.024769 0.098000
vt 5.024769 0.736400
vt 5.258228 0.736400
vt 1.534465 0.098000
vt 5.258228 0.098000
vt 1.697935 0.098000
vt 4.542064 0.588000
vt 2.062022 0.588000
vt 4.429070 0.098000
vt 4.814071 0.098000
vt 4.814071 0.588000
vt 4.429070 0.588000
vt 1.631068 0.588000
vt 1.631068 0.098000
vt 1.792441 0.588000
vt 1.792441 0.098000
vt 4.542064 0.098000
vt 4.415096 0.098000
vt 1.414014 0.098000
vt 1.542163 4.415096
vt 1.592813 4.567630
vt 1.510218 4.449672
vt 1.863541 4.954269
vt 1.565558 4.746636
vt 1.414014 4.852747
vt 1.392940 4.707582
vt 1.310345 4.589624
vt 1.250545 4.619289
vt 1.409919 4.855615
vt 1.530370 5.027637
vt 1.900649 4.927066
vt 2.062022 4.814071
vt 1.792441 4.429070
vt 1.989553 5.054034
vt 1.746263 5.212180
vt 1.946136 5.072227
vt 1.697935 5.258228
vt 1.663668 5.094222
vt 1.534465 5.024769
vt 1.686009 4.918658
vt 1.631068 4.542064
vt 1.480000 0.630000
vt 1.480000 0.098000
vt 1.920000 0.630000
vt 6.653999 0.098000
vt 6.653999 0.630000
vt 6.698999 0.630000
vt 1.920000 0.098000
vt 6.698999 0.098000
vt 1.580000 0.630000
vt 1.460000 0.938000
vt 1.460000 0.098000
vt 6.354000 0.098000
vt 6.653999 0.938000
vt 1.580000 0.938000
vt 6.354000 0.938000
vt 6.354000 0.630000
vt 6.149000 0.630000
vt 6.149000 0.098000
vt 1.820000 0.630000
vt 1.940000 0.938000
vt 1.940000 0.098000
vt 1.820000 0.938000
vt 1.812000 0.630000
vt 1.588000 0.630000
vt 1.812000 0.882000
vt 6.648000 0.630000
vt 6.492000 0.630000
vt 6.648000 0.882000
vt 6.492000 0.882000
vt 1.588000 0.882000
vt 6.121000 0.098000
vt 5.911000 0.098000
vt 5.911000 0.568400
vt 1.540000 0.098000
vt 1.860000 0.098000
vt 1.860000 0.568400
vt 6.121000 0.568400
vt 1.540000 0.568400
vt 1.400000 0.098000
vt 2.000000 0.098000
vt 2.000000 0.056000
vt 5.800000 0.098000
vt 6.759999 0.098000
vt 6.759999 0.056000
vt 5.800000 0.056000
vt 5.800000 2.000000
vt 6.759999 2.000000
vt 6.759999 1.400000
vt 1.400000 0.056000
vt 5.800000 1.400000
vt 6.653999 1.820000
vt 6.653999 1.580000
vt 6.698999 1.920000
vt 6.698999 1.480000
vt 6.653999 1.920000
vt 6.653999 1.460000
vt 6.653999 1.480000
vt 6.354000 1.460000
vt 6.149000 1.480000
vt 6.354000 1.480000
vt 6.354000 1.580000
vt 6.149000 1.920000
vt 6.354000 1.940000
vt 6.354000 1.920000
vt 6.121000 1.860000
vt 6.121000 1.540000
vt 6.354000 1.820000
vt 6.653999 1.940000
vt 6.492000 1.588000
vt 6.492000 1.812000
vt 6.648000 1.812000
vt 6.648000 1.588000
vt 5.911000 1.860000
vt 5.911000 1.540000
vt 3.650000 0.882000
vt 3.950000 0.882000
vt 3.650000 0.938000
vt 6.550000 0.882000
vt 6.389999 0.882000
vt 6.550000 0.938000
vt 3.950000 0.938000
vt 6.389999 0.938000
vt 6.434999 0.644000
vt 6.653999 0.882000
vt 6.354000 0.882000
vt 3.470000 0.882000
vt 4.130000 0.882000
vt 3.985000 0.644000
vt 3.615000 0.644000
vt 3.470000 0.644000
vt 6.354000 0.644000
vt 6.434999 0.098000
vt 3.470000 0.098000
vt 3.405000 0.098000
vt 3.405000 0.644000
vt 5.925000 0.098000
vt 5.925000 0.644000
vt 3.615000 0.098000
vt 6.354000 0.098000
vt 3.985000 0.098000
vt 4.195000 0.098000
vt 4.195000 0.644000
vt 4.130000 0.098000
vt 6.653999 0.098000
vt 4.130000 0.644000
vt 6.759999 0.098000
vt 5.800000 0.098000
vt 5.800000 0.056000
vt 4.250000 0.098000
vt 3.350000 0.098000
vt 3.350000 0.056000
vt 6.759999 0.056000
vt 4.250000 0.056000
vt 5.800000 3.350000
vt 5.800000 4.250000
vt 6.759999 3.350000
vt 6.759999 4.250000
vt 3.935000 0.098000
vt 3.665000 0.098000
vt 3.665000 0.540400
vt 6.145000 0.098000
vt 5.935000 0.098000
vt 5.935000 0.540400
vt 3.935000 0.540400
vt 6.145000 0.540400
vt 6.550000 3.950000
vt 6.550000 3.650000
vt 6.653999 4.130000
vt 6.354000 4.130000
vt 6.389999 3.950000
vt 6.389999 3.650000
vt 6.653999 3.470000
vt 6.354000 3.470000
vt 6.434999 3.470000
vt 6.434999 3.405000
vt 5.925000 3.405000
vt 5.925000 3.615000
vt 6.145000 3.665000
vt 6.354000 3.615000
vt 5.935000 3.665000
vt 6.354000 3.985000
vt 6.145000 3.935000
vt 5.925000 3.985000
vt 5.935000 3.935000
vt 5.925000 4.195000
vt 6.434999 4.195000
vt 6.434999 4.130000
vt 6.200000 0.756000
vt 0.040000 0.056000
vt 6.200000 0.056000
vt 0.040000 0.056000
vt -0.000000 0.056000
vt 0.040000 0.756000
vt 0.040000 0.980000
vt 7.960000 0.980000
vt 7.400000 0.756000
vt 0.040000 6.200000
vt -0.000000 6.200000
vt 0.040000 7.400000
vt -0.000000 0.756000
vt -0.000000 7.400000
vt 8.000000 0.980000
vt 0.000000 0.980000
vt 3.400000 0.756000
vt 4.599999 0.756000
vt -0.000000 0.980000
vt -0.000000 0.000000
vt 0.000000 0.000000
vt 0.040000 0.040000
vt -0.000000 0.000000
vt 8.000000 0.000000
vt 0.040000 7.960000
vt -0.000000 8.000000
vt 4.599999 0.056000
vt 8.000000 0.000000
vt 7.960000 0.040000
vt 8.000000 8.000000
vt 7.960000 0.056000
vt 7.960000 7.960000
vt 0.040000 0.980000
vt 0.000000 0.056000
vt 0.040000 0.756000
vt 3.400000 0.056000
vt 0.000000 0.756000
vt 4.599999 0.040000
vt 4.599999 0.000000
vt 3.400000 0.040000
vt 3.400000 0.000000
vt 3.360000 0.000000
vt -1.560000 0.056000
vt 3.400000 0.980000
vt 3.360000 0.980000
vt 4.599999 0.980000
vt -1.560000 0.980000
vt 4.599999 -1.560000
vt 3.400000 -1.560000
vt 4.639999 -1.600000
vt 3.360000 -1.600000
vt -1.600000 0.000000
vt -1.600000 0.980000
vt 4.639999 0.980000
vt 3.360000 0.000000
vt 4.639999 0.000000
vt 4.639999 0.000000
vt 7.400000 0.056000
vt 7.440000 0.000000
vt -1.560000 0.056000
vt 7.400000 0.980000
vt 7.440000 0.980000
vt 6.200000 0.980000
vt -1.560000 0.980000
vt -1.560000 6.200000
vt -1.560000 7.400000
vt -1.600000 6.160000
vt -1.600000 7.440000
vt -1.600000 0.000000
vt -1.600000 0.980000
vt 6.160000 0.980000
vt -0.000000 7.440000
vt 6.160000 0.000000
vt -0.000000 6.160000
vt 0.000000 1.244000
vt -0.128000 1.112000
vt 0.128000 1.112000
vt 0.248000 0.972000
vt 0.368000 0.816000
vt 0.472000 0.656000
vt 0.528000 0.516000
vt 0.512000 0.432000
vt 0.432000 0.372000
vt 0.272000 0.324000
vt 0.000000 0.300000
vt -0.272000 0.324000
vt -0.432000 0.372000
vt -0.512000 0.432000
vt -0.528000 0.516000
vt -0.472000 0.656000
vt -0.368000 0.816000
vt -0.248000 0.972000
vt 0.064000 0.060000
vt 0.272000 0.060000
vt 0.064000 0.428000
vt -0.064000 0.060000
vt -0.272000 0.000000
vt 0.272000 0.000000
vt -0.272000 0.060000
vt -0.064000 0.428000
vt 0.000000 1.244000
vt -0.128000 1.112000
vt 0.128000 1.112000
vt 0.248000 0.972000
vt 0.368000 0.816000
vt 0.472000 0.656000
vt 0.528000 0.516000
vt 0.512000 0.432000
vt 0.432000 0.372000
vt 0.272000 0.324000
vt 0.000000 0.300000
vt -0.272000 0.324000
vt -0.432000 0.372000
vt -0.512000 0.432000
vt -0.528000 0.516000
vt -0.472000 0.656000
vt -0.368000 0.816000
vt -0.248000 0.972000
vt 0.064000 0.060000
vt 0.272000 0.060000
vt 0.064000 0.428000
vt -0.064000 0.060000
vt -0.272000 0.000000
vt 0.272000 0.000000
vt -0.272000 0.060000
vt -0.064000 0.428000
vt 0.000000 1.244000
vt -0.128000 1.112000
vt 0.128000 1.112000
vt 0.248000 0.972000
vt 0.368000 0.816000
vt 0.472000 0.656000
vt 0.528000 0.516000
vt 0.512000 0.432000
vt 0.432000 0.372000
vt 0.272000 0.324000
vt 0.000000 0.300000
vt -0.272000 0.324000
vt -0.432000 0.372000
vt -0.512000 0.432000
vt -0.528000 0.516000
vt -0.472000 0.656000
vt -0.368000 0.816000
vt -0.248000 0.972000
vt 0.064000 0.060000
vt 0.272000 0.060000
vt 0.064000 0.428000
vt -0.064000 0.060000
vt -0.272000 0.000000
vt 0.272000 0.000000
vt -0.272000 0.060000
vt -0.064000 0.428000
vt 0.000000 1.244000
vt -0.128000 1.112000
vt 0.128000 1.112000
vt 0.248000 0.972000
vt 0.368000 0.816000
vt 0.472000 0.656000
vt 0.528000 0.516000
vt 0.512000 0.432000
vt 0.432000 0.372000
vt 0.272000 0.324000
vt 0.000000 0.300000
vt -0.272000 0.324000
vt -0.432000 0.372000
vt -0.512000 0.432000
vt -0.528000 0.516000
vt -0.472000 0.656000
vt -0.368000 0.816000
vt -0.248000 0.972000
vt 0.064000 0.060000
vt 0.272000 0.060000
vt 0.064000 0.428000
vt -0.064000 0.060000
vt -0.272000 0.000000
vt 0.272000 0.000000
vt -0.272000 0.060000
vt -0.064000 0.428000
vt 0.000000 1.244000
vt -0.128000 1.112000
vt 0.128000 1.112000
vt 0.248000 0.972000
vt 0.368000 0.816000
vt 0.472000 0.656000
vt 0.528000 0.516000
vt 0.512000 0.432000
vt 0.432000 0.372000
vt 0.272000 0.324000
vt 0.000000 0.300000
vt -0.272000 0.324000
vt -0.432000 0.372000
vt -0.512000 0.432000
vt -0.528000 0.516000
vt -0.472000 0.656000
vt -0.368000 0.816000
vt -0.248000 0.972000
vt 0.064000 0.060000
vt 0.272000 0.060000
vt 0.064000 0.428000
vt -0.064000 0.060000
vt -0.272000 0.000000
vt 0.272000 0.000000
vt -0.272000 0.060000
vt -0.064000 0.428000
vt 0.000000 1.244000
vt -0.128000 1.112000
vt 0.128000 1.112000
vt 0.248000 0.972000
vt 0.368000 0.816000
vt 0.472000 0.656000
vt 0.528000 0.516000
vt 0.512000 0.432000
vt 0.432000 0.372000
vt 0.272000 0.324000
vt 0.000000 0.300000
vt -0.272000 0.324000
vt -0.432000 0.372000
vt -0.512000 0.432000
vt -0.528000 0.516000
vt -0.472000 0.656000
vt -0.368000 0.816000
vt -0.248000 0.972000
vt 0.064000 0.060000
vt 0.272000 0.060000
vt 0.064000 0.428000
vt -0.064000 0.060000
vt -0.272000 0.000000
vt 0.272000 0.000000
vt -0.272000 0.060000
vt -0.064000 0.428000
vt 0.000000 1.244000
vt -0.128000 1.112000
vt 0.128000 1.112000
vt 0.248000 0.972000
vt 0.368000 0.816000
vt 0.472000 0.656000
vt 0.528000 0.516000
vt 0.512000 0.432000
vt 0.432000 0.372000
vt 0.272000 0.324000
vt 0.000000 0.300000
vt -0.272000 0.324000
vt -0.432000 0.372000
vt -0.512000 0.432000
vt -0.528000 0.516000
vt -0.472000 0.656000
vt -0.368000 0.816000
vt -0.248000 0.972000
vt 0.064000 0.060000
vt 0.272000 0.060000
vt 0.064000 0.428000
vt -0.064000 0.060000
vt -0.272000 0.000000
vt 0.272000 0.000000
vt -0.272000 0.060000
vt -0.064000 0.428000
vt 0.000000 1.244000
vt -0.128000 1.112000
vt 0.128000 1.112000
vt 0.248000 0.972000
vt 0.368000 0.816000
vt 0.472000 0.656000
vt 0.528000 0.516000
vt 0.512000 0.432000
vt 0.432000 0.372000
vt 0.272000 0.324000
vt 0.000000 0.300000
vt -0.272000 0.324000
vt -0.432000 0.372000
vt -0.512000 0.432000
vt -0.528000 0.516000
vt -0.472000 0.656000
vt -0.368000 0.816000
vt -0.248000 0.972000
vt 0.064000 0.060000
vt 0.272000 0.060000
vt 0.064000 0.428000
vt -0.064000 0.060000
vt -0.272000 0.000000
vt 0.272000 0.000000
vt -0.272000 0.060000
vt -0.064000 0.428000
vt 0.000000 1.244000
vt -0.128000 1.112000
vt 0.128000 1.112000
vt 0.248000 0.972000
vt 0.368000 0.816000
vt 0.472000 0.656000
vt 0.528000 0.516000
vt 0.512000 0.432000
vt 0.432000 0.372000
vt 0.272000 0.324000
vt 0.000000 0.300000
vt -0.272000 0.324000
vt -0.432000 0.372000
vt -0.512000 0.432000
vt -0.528000 0.516000
vt -0.472000 0.656000
vt -0.368000 0.816000
vt -0.248000 0.972000
vt 0.064000 0.060000
vt 0.272000 0.060000
vt 0.064000 0.428000
vt -0.064000 0.060000
vt -0.272000 0.000000
vt 0.272000 0.000000
vt -0.272000 0.060000
vt -0.064000 0.428000
vt 0.000000 1.244000
vt -0.128000 1.112000
vt 0.128000 1.112000
vt 0.248000 0.972000
vt 0.368000 0.816000
vt 0.472000 0.656000
vt 0.528000 0.516000
vt 0.512000 0.432000
vt 0.432000 0.372000
vt 0.272000 0.324000
vt 0.000000 0.300000
vt -0.272000 0.324000
vt -0.432000 0.372000
vt -0.512000 0.432000
vt -0.528000 0.516000
vt -0.472000 0.656000
vt -0.368000 0.816000
vt -0.248000 0.972000
vt 0.064000 0.060000
vt 0.272000 0.060000
vt 0.064000 0.428000
vt -0.064000 0.060000
vt -0.272000 0.000000
vt 0.272000 0.000000
vt -0.272000 0.060000
vt -0.064000 0.428000
vt 0.000000 1.244000
vt -0.128000 1.112000
vt 0.128000 1.112000
vt 0.248000 0.972000
vt 0.368000 0.816000
vt 0.472000 0.656000
vt 0.528000 0.516000
vt 0.512000 0.432000
vt 0.432000 0.372000
vt 0.272000 0.324000
vt 0.000000 0.300000
vt -0.272000 0.324000
vt -0.432000 0.372000
vt -0.512000 0.432000
vt -0.528000 0.516000
vt -0.472000 0.656000
vt -0.368000 0.816000
vt -0.248000 0.972000
vt 0.064000 0.060000
vt 0.272000 0.060000
vt 0.064000 0.428000
vt -0.064000 0.060000
vt -0.272000 0.000000
vt 0.272000 0.000000
vt -0.272000 0.060000
vt -0.064000 0.428000
vt 0.000000 1.244000
vt -0.128000 1.112000
vt 0.128000 1.112000
vt 0.248000 0.972000
vt 0.368000 0.816000
vt 0.472000 0.656000
vt 0.528000 0.516000
vt 0.512000 0.432000
vt 0.432000 0.372000
vt 0.272000 0.324000
vt 0.000000 0.300000
vt -0.272000 0.324000
vt -0.432000 0.372000
vt -0.512000 0.432000
vt -0.528000 0.516000
vt -0.472000 0.656000
vt -0.368000 0.816000
vt -0.248000 0.972000
vt 0.064000 0.060000
vt 0.272000 0.060000
vt 0.064000 0.428000
vt -0.064000 0.060000
vt -0.272000 0.000000
vt 0.272000 0.000000
vt -0.272000 0.060000
vt -0.064000 0.428000
vt 0.000000 1.244000
vt -0.128000 1.112000
vt 0.128000 1.112000
vt 0.248000 0.972000
vt 0.368000 0.816000
vt 0.472000 0.656000
vt 0.528000 0.516000
vt 0.512000 0.432000
vt 0.432000 0.372000
vt 0.272000 0.324000
vt 0.000000 0.300000
vt -0.272000 0.324000
vt -0.432000 0.372000
vt -0.512000 0.432000
vt -0.528000 0.516000
vt -0.472000 0.656000
vt -0.368000 0.816000
vt -0.248000 0.972000
vt 0.064000 0.060000
vt 0.272000 0.060000
vt 0.064000 0.428000
vt -0.064000 0.060000
vt -0.272000 0.000000
vt 0.272000 0.000000
vt -0.272000 0.060000
vt -0.064000 0.428000
vt 0.000000 1.244000
vt -0.128000 1.112000
vt 0.128000 1.112000
vt 0.248000 0.972000
vt 0.368000 0.816000
vt 0.472000 0.656000
vt 0.528000 0.516000
vt 0.512000 0.432000
vt 0.432000 0.372000
vt 0.272000 0.324000
vt 0.000000 0.300000
vt -0.272000 0.324000
vt -0.432000 0.372000
vt -0.512000 0.432000
vt -0.528000 0.516000
vt -0.472000 0.656000
vt -0.368000 0.816000
vt -0.248000 0.972000
vt 0.064000 0.060000
vt 0.272000 0.060000
vt 0.064000 0.428000
vt -0.064000 0.060000
vt -0.272000 0.000000
vt 0.272000 0.000000
vt -0.272000 0.060000
vt -0.064000 0.428000
vt 0.000000 1.244000
vt -0.128000 1.112000
vt 0.128000 1.112000
vt 0.248000 0.972000
vt 0.368000 0.816000
vt 0.472000 0.656000
vt 0.528000 0.516000
vt 0.512000 0.432000
vt 0.432000 0.372000
vt 0.272000 0.324000
vt 0.000000 0.300000
vt -0.272000 0.324000
vt -0.432000 0.372000
vt -0.512000 0.432000
vt -0.528000 0.516000
vt -0.472000 0.656000
vt -0.368000 0.816000
vt -0.248000 0.972000
vt 0.064000 0.060000
vt 0.272000 0.060000
vt 0.064000 0.428000
vt -0.064000 0.060000
vt -0.272000 0.000000
vt 0.272000 0.000000
vt -0.272000 0.060000
vt -0.064000 0.428000
vt 0.000000 1.244000
vt -0.128000 1.112000
vt 0.128000 1.112000
vt 0.248000 0.972000
vt 0.368000 0.816000
vt 0.472000 0.656000
vt 0.528000 0.516000
vt 0.512000 0.432000
vt 0.432000 0.372000
vt 0.272000 0.324000
vt 0.000000 0.300000
vt -0.272000 0.324000
vt -0.432000 0.372000
vt -0.512000 0.432000
vt -0.528000 0.516000
vt -0.472000 0.656000
vt -0.368000 0.816000
vt -0.248000 0.972000
vt 0.064000 0.060000
vt 0.272000 0.060000
vt 0.064000 0.428000
vt -0.064000 0.060000
vt -0.272000 0.000000
vt 0.272000 0.000000
vt -0.272000 0.060000
vt -0.064000 0.428000
vt 0.000000 1.244000
vt -0.128000 1.112000
vt 0.128000 1.112000
vt 0.248000 0.972000
vt 0.368000 0.816000
vt 0.472000 0.656000
vt 0.528000 0.516000
vt 0.512000 0.432000
vt 0.432000 0.372000
vt 0.272000 0.324000
vt 0.000000 0.300000
vt -0.272000 0.324000
vt -0.432000 0.372000
vt -0.512000 0.432000
vt -0.528000 0.516000
vt -0.472000 0.656000
vt -0.368000 0.816000
vt -0.248000 0.972000
vt 0.064000 0.060000
vt 0.272000 0.060000
vt 0.064000 0.428000
vt -0.064000 0.060000
vt -0.272000 0.000000
vt 0.272000 0.000000
vt -0.272000 0.060000
vt -0.064000 0.428000
vt 0.000000 1.244000
vt -0.128000 1.112000
vt 0.128000 1.112000
vt 0.248000 0.972000
vt 0.368000 0.816000
vt 0.472000 0.656000
vt 0.528000 0.516000
vt 0.512000 0.432000
vt 0.432000 0.372000
vt 0.272000 0.324000
vt 0.000000 0.300000
vt -0.272000 0.324000
vt -0.432000 0.372000
vt -0.512000 0.432000
vt -0.528000 0.516000
vt -0.472000 0.656000
vt -0.368000 0.816000
vt -0.248000 0.972000
vt 0.064000 0.060000
vt 0.272000 0.060000
vt 0.064000 0.428000
vt -0.064000 0.060000
vt -0.272000 0.000000
vt 0.272000 0.000000
vt -0.272000 0.060000
vt -0.064000 0.428000
vt 0.375000 0.000000
vt 0.625000 0.000000
vt 0.625000 0.250000
vt 0.375000 0.250000
vt 0.625000 0.500000
vt 0.375000 0.500000
vt 0.625000 0.750000
vt 0.375000 0.750000
vt 0.625000 1.000000
vt 0.375000 1.000000
vt 0.125000 0.500000
vt 0.125000 0.750000
vt 1.000000 1.000000
vt 0.000000 1.000000
vt 0.000000 0.000000
vt 1.000000 0.000000
vt 0.131522 0.743478
vt 0.131522 0.750000
vt 0.127756 0.750000
vt 0.125000 0.743478
vt 0.450000 0.993478
vt 0.450000 1.000000
vt 0.406699 1.000000
vt 0.375000 0.993478
vt 0.450000 0.006522
vt 0.375000 0.006522
vt 0.375000 0.002756
vt 0.450000 0.000000
vt 0.550000 0.993478
vt 0.625000 0.993478
vt 0.625000 0.997244
vt 0.550000 1.000000
vt 0.868478 0.743478
vt 0.875000 0.743478
vt 0.875000 0.747244
vt 0.868478 0.750000
vt 0.550000 0.006522
vt 0.550000 0.000000
vt 0.593301 0.000000
vt 0.625000 0.006522
vt 0.131522 0.506522
vt 0.125000 0.506522
vt 0.125000 0.502756
vt 0.131522 0.500000
vt 0.450000 0.243478
vt 0.450000 0.250000
vt 0.390849 0.251378
vt 0.375000 0.243478
vt 0.450000 0.256522
vt 0.375000 0.256522
vt 0.868478 0.506522
vt 0.868478 0.500000
vt 0.872244 0.500000
vt 0.875000 0.506522
vt 0.550000 0.256522
vt 0.550000 0.250000
vt 0.609151 0.248622
vt 0.625000 0.256522
vt 0.550000 0.243478
vt 0.625000 0.243478
vt 0.368478 0.743478
vt 0.375000 0.743478
vt 0.385566 0.750000
vt 0.371739 0.753261
vt 0.450000 0.743478
vt 0.450000 0.750000
vt 0.450000 0.756522
vt 0.631522 0.743478
vt 0.628261 0.753261
vt 0.615353 0.749081
vt 0.625000 0.743478
vt 0.550000 0.756522
vt 0.550000 0.750000
vt 0.550000 0.743478
vt 0.368478 0.506522
vt 0.371739 0.496739
vt 0.384647 0.500919
vt 0.375000 0.506522
vt 0.450000 0.493478
vt 0.450000 0.500000
vt 0.450000 0.506522
vt 0.631522 0.506522
vt 0.625000 0.506522
vt 0.614434 0.500000
vt 0.628261 0.496739
vt 0.550000 0.506522
vt 0.550000 0.500000
vt 0.550000 0.493478
vt 0.128049 0.746951
vt 0.128049 0.750000
vt 0.126289 0.750000
vt 0.125000 0.746951
vt 0.431818 0.996951
vt 0.431818 1.000000
vt 0.399014 1.000000
vt 0.375000 0.996951
vt 0.431818 0.003049
vt 0.375000 0.003049
vt 0.375000 0.001289
vt 0.431818 0.000000
vt 0.568182 0.996951
vt 0.625000 0.996951
vt 0.625000 0.998711
vt 0.568182 1.000000
vt 0.871951 0.746951
vt 0.875000 0.746951
vt 0.875000 0.748711
vt 0.871951 0.750000
vt 0.568182 0.003049
vt 0.568182 0.000000
vt 0.600986 0.000000
vt 0.625000 0.003049
vt 0.128049 0.503049
vt 0.125000 0.503049
vt 0.125000 0.501289
vt 0.128049 0.500000
vt 0.431818 0.246951
vt 0.431818 0.250000
vt 0.387007 0.250644
vt 0.375000 0.246951
vt 0.431818 0.253049
vt 0.375000 0.253049
vt 0.871951 0.503049
vt 0.871951 0.500000
vt 0.873711 0.500000
vt 0.875000 0.503049
vt 0.568182 0.253049
vt 0.568182 0.250000
vt 0.612993 0.249356
vt 0.625000 0.253049
vt 0.568182 0.246951
vt 0.625000 0.246951
vt 0.371951 0.746951
vt 0.375000 0.746951
vt 0.383005 0.750000
vt 0.373476 0.751524
vt 0.431818 0.746951
vt 0.431818 0.750000
vt 0.431818 0.753049
vt 0.628049 0.746951
vt 0.626524 0.751524
vt 0.617425 0.749571
vt 0.625000 0.746951
vt 0.568182 0.753049
vt 0.568182 0.750000
vt 0.568182 0.746951
vt 0.371951 0.503049
vt 0.373476 0.498476
vt 0.382575 0.500430
vt 0.375000 0.503049
vt 0.431818 0.496951
vt 0.431818 0.500000
vt 0.431818 0.503049
vt 0.628049 0.503049
vt 0.625000 0.503049
vt 0.616995 0.500000
vt 0.626524 0.498476
vt 0.568182 0.503049
vt 0.568182 0.500000
vt 0.568182 0.496951
vt 0.375000 0.000000
vt 0.625000 0.000000
vt 0.625000 0.250000
vt 0.375000 0.250000
vt 0.625000 0.500000
vt 0.375000 0.500000
vt 0.625000 0.750000
vt 0.375000 0.750000
vt 0.625000 1.000000
vt 0.375000 1.000000
vt 0.125000 0.500000
vt 0.125000 0.750000
vt 0.875000 0.500000
vt 0.875000 0.750000
vt 0.375000 0.000000
vt 0.625000 0.000000
vt 0.625000 0.250000
vt 0.375000 0.250000
vt 0.625000 0.500000
vt 0.375000 0.500000
vt 0.625000 0.750000
vt 0.375000 0.750000
vt 0.625000 1.000000
vt 0.375000 1.000000
vt 0.125000 0.500000
vt 0.125000 0.750000
vt 0.875000 0.500000
vt 0.875000 0.750000
vt 0.375000 0.000000
vt 0.625000 0.000000
vt 0.625000 0.250000
vt 0.375000 0.250000
vt 0.625000 0.500000
vt 0.375000 0.500000
vt 0.625000 0.750000
vt 0.375000 0.750000
vt 0.625000 1.000000
vt 0.375000 1.000000
vt 0.125000 0.500000
vt 0.125000 0.750000
vt 0.875000 0.500000
vt 0.875000 0.750000
vt 0.375000 0.000000
vt 0.625000 0.000000
vt 0.625000 0.250000
vt 0.375000 0.250000
vt 0.625000 0.500000
vt 0.375000 0.500000
vt 0.625000 0.750000
vt 0.375000 0.750000
vt 0.625000 1.000000
vt 0.375000 1.000000
vt 0.125000 0.500000
vt 0.125000 0.750000
vt 0.875000 0.500000
vt 0.875000 0.750000
vn -0.0000 1.0000 -0.0000
vn -1.0000 -0.0000 -0.0000
vn -0.0000 -1.0000 -0.0000
vn 1.0000 -0.0000 -0.0000
vn -0.0000 -0.0000 -1.0000
vn -0.0000 -0.0000 1.0000
vn 0.7958 0.3150 0.5172
vn 0.6589 0.5023 0.5600
vn 0.8285 0.2148 0.5172
vn 0.7156 0.4175 0.5600
vn 0.8486 0.1114 0.5172
vn 0.7615 0.3264 0.5600
vn 0.8558 0.0062 0.5172
vn 0.7958 0.2303 0.5600
vn 0.8501 -0.0990 0.5172
vn 0.8181 0.1308 0.5600
vn 0.8315 -0.2027 0.5172
vn 0.8280 0.0292 0.5600
vn 0.8003 -0.3033 0.5172
vn 0.8253 -0.0727 0.5600
vn 0.7570 -0.3994 0.5172
vn 0.8101 -0.1736 0.5600
vn 0.7022 -0.4894 0.5172
vn 0.7826 -0.2718 0.5600
vn 0.6367 -0.5719 0.5172
vn 0.7433 -0.3659 0.5600
vn 0.5616 -0.6458 0.5172
vn 0.6927 -0.4545 0.5600
vn 0.4780 -0.7099 0.5172
vn 0.6316 -0.5362 0.5600
vn 0.3871 -0.7633 0.5172
vn 0.5609 -0.6097 0.5600
vn 0.2904 -0.8051 0.5173
vn 0.4817 -0.6740 0.5600
vn 0.1892 -0.8347 0.5172
vn 0.3952 -0.7281 0.5600
vn 0.0852 -0.8516 0.5172
vn 0.3028 -0.7712 0.5600
vn -0.0201 -0.8556 0.5172
vn 0.2057 -0.8025 0.5600
vn -0.1251 -0.8467 0.5172
vn 0.1055 -0.8217 0.5600
vn -0.2282 -0.8249 0.5172
vn 0.0037 -0.8285 0.5600
vn -0.3278 -0.7906 0.5172
vn -0.0981 -0.8226 0.5600
vn -0.4225 -0.7443 0.5172
vn -0.1985 -0.8044 0.5600
vn -0.5107 -0.6868 0.5172
vn -0.2958 -0.7739 0.5600
vn -0.5913 -0.6187 0.5172
vn -0.3887 -0.7317 0.5600
vn -0.6628 -0.5414 0.5172
vn -0.4756 -0.6784 0.5600
vn -0.7243 -0.4559 0.5172
vn -0.5554 -0.6148 0.5600
vn -0.7749 -0.3634 0.5172
vn -0.6267 -0.5418 0.5600
vn -0.8137 -0.2654 0.5172
vn -0.6886 -0.4607 0.5600
vn -0.8401 -0.1635 0.5172
vn -0.7399 -0.3726 0.5600
vn -0.8538 -0.0589 0.5172
vn -0.7801 -0.2789 0.5600
vn -0.8546 0.0464 0.5172
vn -0.8085 -0.1809 0.5600
vn -0.8424 0.1511 0.5172
vn -0.8246 -0.0802 0.5600
vn -0.8174 0.2535 0.5172
vn -0.8282 0.0218 0.5600
vn -0.7801 0.3520 0.5172
vn -0.8192 0.1234 0.5600
vn -0.7309 0.4452 0.5172
vn -0.7979 0.2231 0.5600
vn -0.6707 0.5317 0.5172
vn -0.7644 0.3195 0.5600
vn -0.6003 0.6101 0.5172
vn -0.7193 0.4110 0.5600
vn -0.5208 0.6792 0.5172
vn -0.6634 0.4963 0.5600
vn -0.4333 0.7380 0.5173
vn -0.5974 0.5741 0.5600
vn -0.3394 0.7857 0.5172
vn -0.5223 0.6431 0.5600
vn -0.2402 0.8214 0.5173
vn -0.4393 0.7024 0.5600
vn -0.1375 0.8447 0.5173
vn -0.3496 0.7511 0.5600
vn -0.0326 0.8552 0.5172
vn -0.2547 0.7883 0.5600
vn 0.0728 0.8528 0.5172
vn -0.1559 0.8137 0.5600
vn 0.1770 0.8374 0.5172
vn -0.0547 0.8267 0.5600
vn 0.2785 0.8093 0.5172
vn 0.0473 0.8271 0.5600
vn 0.3759 0.7689 0.5172
vn 0.1486 0.8151 0.5600
vn 0.4675 0.7169 0.5172
vn 0.2476 0.7906 0.5600
vn 0.5521 0.6540 0.5172
vn 0.3429 0.7542 0.5600
vn 0.6283 0.5812 0.5172
vn 0.4330 0.7063 0.5600
vn 0.6949 0.4996 0.5172
vn 0.5165 0.6478 0.5600
vn 0.7510 0.4104 0.5172
vn 0.5922 0.5794 0.5600
vn -0.8284 0.0218 0.5597
vn -0.8282 0.0139 0.5603
vn -0.8235 0.1240 0.5537
vn -0.8241 0.0787 0.5610
vn -0.8020 0.2243 0.5536
vn -0.8082 0.1794 0.5610
vn -0.7683 0.3211 0.5536
vn -0.7800 0.2774 0.5610
vn -0.7231 0.4131 0.5537
vn -0.7400 0.3711 0.5610
vn -0.6668 0.4988 0.5536
vn -0.6888 0.4593 0.5610
vn -0.6004 0.5770 0.5536
vn -0.6271 0.5404 0.5610
vn -0.5250 0.6464 0.5537
vn -0.5560 0.6134 0.5610
vn -0.4416 0.7060 0.5537
vn -0.4764 0.6770 0.5610
vn -0.3515 0.7550 0.5536
vn -0.3895 0.7305 0.5610
vn -0.2560 0.7924 0.5536
vn -0.2968 0.7728 0.5610
vn -0.1567 0.8179 0.5537
vn -0.1996 0.8034 0.5610
vn -0.0550 0.8309 0.5537
vn -0.0014 -0.8286 0.5599
vn -0.0986 -0.8269 0.5537
vn -0.0533 -0.8261 0.5610
vn -0.1995 -0.8085 0.5537
vn -0.1545 -0.8133 0.5610
vn -0.2973 -0.7779 0.5536
vn -0.2532 -0.7882 0.5610
vn -0.3907 -0.7354 0.5537
vn -0.3482 -0.7511 0.5610
vn -0.4781 -0.6818 0.5537
vn -0.4378 -0.7026 0.5610
vn -0.5582 -0.6179 0.5537
vn -0.5208 -0.6435 0.5610
vn -0.6299 -0.5446 0.5536
vn -0.5960 -0.5746 0.5610
vn -0.6921 -0.4631 0.5537
vn -0.6621 -0.4970 0.5610
vn -0.7438 -0.3745 0.5536
vn -0.7181 -0.4119 0.5610
vn -0.7841 -0.2803 0.5537
vn -0.7633 -0.3205 0.5610
vn -0.8127 -0.1818 0.5537
vn -0.7969 -0.2242 0.5610
vn -0.8288 -0.0806 0.5536
vn -0.8184 -0.1246 0.5610
vn -0.8290 -0.0371 0.5581
vn 0.8277 -0.0729 0.5564
vn 0.8270 -0.0394 0.5608
vn 0.8143 -0.1745 0.5537
vn 0.8177 -0.1293 0.5610
vn 0.7866 -0.2732 0.5536
vn 0.7956 -0.2288 0.5610
vn 0.7471 -0.3678 0.5537
vn 0.7614 -0.3249 0.5609
vn 0.6963 -0.4568 0.5537
vn 0.7157 -0.4160 0.5610
vn 0.6348 -0.5389 0.5536
vn 0.6592 -0.5008 0.5610
vn 0.5638 -0.6129 0.5537
vn 0.5927 -0.5780 0.5610
vn 0.4842 -0.6775 0.5536
vn 0.5171 -0.6464 0.5610
vn 0.3973 -0.7319 0.5536
vn 0.4338 -0.7051 0.5610
vn 0.3043 -0.7751 0.5536
vn 0.3438 -0.7531 0.5610
vn 0.2068 -0.8067 0.5536
vn 0.2487 -0.7896 0.5610
vn 0.1061 -0.8260 0.5536
vn 0.1498 -0.8142 0.5610
vn 0.0499 -0.8288 0.5573
vn -0.0994 0.8219 0.5610
vn -0.0244 0.8290 0.5587
vn 0.0473 0.8282 0.5585
vn 0.0267 0.8277 0.5606
vn 0.1493 0.8192 0.5537
vn 0.1041 0.8213 0.5610
vn 0.2489 0.7947 0.5537
vn 0.2042 0.8023 0.5610
vn 0.3446 0.7581 0.5536
vn 0.3013 0.7711 0.5610
vn 0.4352 0.7100 0.5536
vn 0.3937 0.7282 0.5610
vn 0.5191 0.6511 0.5537
vn 0.4802 0.6743 0.5610
vn 0.5952 0.5824 0.5536
vn 0.5595 0.6102 0.5610
vn 0.6623 0.5048 0.5536
vn 0.6302 0.5368 0.5610
vn 0.7193 0.4196 0.5536
vn 0.6914 0.4553 0.5610
vn 0.7654 0.3281 0.5537
vn 0.7421 0.3669 0.5610
vn 0.7999 0.2315 0.5537
vn 0.7816 0.2729 0.5610
vn 0.8223 0.1315 0.5536
vn 0.8092 0.1748 0.5610
vn 0.8322 0.0294 0.5536
vn 0.8245 0.0740 0.5610
vn 0.8289 0.0116 0.5593
vn -0.0000 -1.0000 -0.0000
vn -1.0000 -0.0000 -0.0000
vn -0.0000 1.0000 -0.0000
vn 1.0000 -0.0000 -0.0000
vn 0.3827 0.9239 -0.0000
vn -0.3827 0.9239 -0.0000
vn -0.9239 0.3827 -0.0000
vn -0.9239 -0.3827 -0.0000
vn -0.3827 -0.9239 -0.0000
vn 0.3827 -0.9239 -0.0000
vn 0.9239 0.3827 -0.0000
vn 0.9239 -0.3827 -0.0000
vn -0.0000 -0.0000 -1.0000
vn -0.0000 -0.0000 1.0000
vn -0.5804 0.8143 -0.0000
vn -1.0000 -0.0000 -0.0000
vn -0.5804 -0.8143 -0.0000
vn 0.5804 -0.8143 -0.0000
vn 0.5804 0.8143 -0.0000
vn 1.0000 -0.0000 -0.0000
vn -0.0000 -1.0000 0.0003
vn -0.0000 -1.0000 -0.0000
vn -0.0000 -0.0000 -1.0000
vn -0.0000 -1.0000 0.0001
vn -0.0000 1.0000 -0.0000
vn -0.0000 -0.0000 1.0000
vn 0.5736 0.8192 -0.0000
vn 0.8192 -0.5736 -0.0000
vn -0.5736 -0.8192 -0.0000
vn -0.8192 0.5736 -0.0000
vn -0.0000 -0.0000 -1.0000
vn -0.5735 -0.8192 -0.0000
vn 0.5736 0.8191 -0.0000
vn -0.0000 -0.0000 1.0000
vn 1.0000 -0.0000 -0.0000
vn -0.0000 1.0000 -0.0000
vn -0.0000 -1.0000 -0.0000
vn -1.0000 -0.0000 -0.0000
vn -0.0000 -0.0000 -1.0000
vn -0.0000 -0.0000 1.0000
vn 1.0000 -0.0000 -0.0000
vn -0.0000 1.0000 -0.0000
vn -0.0000 -1.0000 -0.0000
vn -1.0000 -0.0000 -0.0000
vn -0.0000 -0.0000 -1.0000
vn -0.0000 -0.0000 1.0000
vn 1.0000 -0.0000 -0.0000
vn -0.0000 1.0000 -0.0000
vn -0.0000 -0.0000 -1.0000
vn -1.0000 -0.0000 -0.0000
vn -0.0000 -1.0000 -0.0000
vn -0.0000 -0.0000 1.0000
vn -0.8998 -0.0000 0.4363
vn 0.8998 -0.0000 0.4363
vn 0.9191 -0.0000 0.3939
vn 0.9333 -0.0000 0.3590
vn 0.9510 -0.0000 0.3091
vn 0.9806 -0.0000 0.1961
vn 0.9955 -0.0000 -0.0948
vn 0.8321 -0.0000 -0.5547
vn 0.5145 -0.0000 -0.8575
vn 0.1738 -0.0000 -0.9848
vn -0.1738 -0.0000 -0.9848
vn -0.5145 -0.0000 -0.8575
vn -0.8321 -0.0000 -0.5547
vn -0.9955 -0.0000 -0.0948
vn -0.9806 -0.0000 0.1961
vn -0.9510 -0.0000 0.3091
vn -0.9333 -0.0000 0.3590
vn -0.9191 -0.0000 0.3939
vn -0.0000 -1.0000 -0.0000
vn -0.0000 1.0000 -0.0000
vn -0.0000 -0.0000 1.0000
vn 1.0000 -0.0000 -0.0000
vn -0.0000 -1.0000 -0.0000
vn -0.0000 1.0000 -0.0000
vn -0.0000 -0.0000 -1.0000
vn -1.0000 -0.0000 -0.0000
vn 0.6635 -0.6078 0.4363
vn -0.6635 0.6078 0.4363
vn -0.6778 0.6208 0.3939
vn -0.6882 0.6304 0.3590
vn -0.7013 0.6424 0.3091
vn -0.7231 0.6623 0.1961
vn -0.7341 0.6724 -0.0948
vn -0.6135 0.5620 -0.5547
vn -0.3794 0.3475 -0.8575
vn -0.1281 0.1174 -0.9848
vn 0.1281 -0.1174 -0.9848
vn 0.3794 -0.3475 -0.8575
vn 0.6135 -0.5620 -0.5547
vn 0.7341 -0.6724 -0.0948
vn 0.7231 -0.6623 0.1961
vn 0.7013 -0.6424 0.3091
vn 0.6882 -0.6304 0.3590
vn 0.6778 -0.6208 0.3939
vn 0.6755 0.7374 -0.0000
vn -0.6755 -0.7374 -0.0000
vn -0.0000 -0.0000 1.0000
vn -0.7374 0.6755 -0.0000
vn 0.6755 0.7374 -0.0000
vn -0.6755 -0.7374 -0.0000
vn -0.0000 -0.0000 -1.0000
vn 0.7374 -0.6755 -0.0000
vn -0.0787 0.8964 0.4363
vn 0.0787 -0.8964 0.4363
vn 0.0804 -0.9156 0.3939
vn 0.0817 -0.9298 0.3590
vn 0.0832 -0.9474 0.3091
vn 0.0858 -0.9768 0.1961
vn 0.0871 -0.9917 -0.0948
vn 0.0728 -0.8289 -0.5547
vn 0.0450 -0.5125 -0.8575
vn 0.0152 -0.1731 -0.9848
vn -0.0152 0.1731 -0.9848
vn -0.0450 0.5125 -0.8575
vn -0.0728 0.8289 -0.5547
vn -0.0871 0.9917 -0.0948
vn -0.0858 0.9768 0.1961
vn -0.0832 0.9474 0.3091
vn -0.0817 0.9298 0.3590
vn -0.0804 0.9156 0.3939
vn -0.9962 -0.0875 -0.0000
vn 0.9962 0.0875 -0.0000
vn -0.0000 -0.0000 1.0000
vn 0.0875 -0.9962 -0.0000
vn -0.9962 -0.0875 -0.0000
vn 0.9962 0.0875 -0.0000
vn -0.0000 -0.0000 -1.0000
vn -0.0875 0.9962 -0.0000
vn -0.5451 -0.7159 0.4363
vn 0.5451 0.7159 0.4363
vn 0.5568 0.7313 0.3939
vn 0.5654 0.7426 0.3590
vn 0.5762 0.7566 0.3091
vn 0.5941 0.7802 0.1961
vn 0.6031 0.7920 -0.0948
vn 0.5041 0.6620 -0.5547
vn 0.3117 0.4093 -0.8575
vn 0.1053 0.1383 -0.9848
vn -0.1053 -0.1383 -0.9848
vn -0.3117 -0.4093 -0.8575
vn -0.5041 -0.6620 -0.5547
vn -0.6031 -0.7920 -0.0948
vn -0.5941 -0.7802 0.1961
vn -0.5762 -0.7566 0.3091
vn -0.5654 -0.7426 0.3590
vn -0.5568 -0.7313 0.3939
vn 0.7956 -0.6058 -0.0000
vn -0.7956 0.6058 -0.0000
vn -0.0000 -0.0000 1.0000
vn 0.6058 0.7956 -0.0000
vn 0.7956 -0.6058 -0.0000
vn -0.7956 0.6058 -0.0000
vn -0.0000 -0.0000 -1.0000
vn -0.6058 -0.7956 -0.0000
vn 0.8855 0.1597 0.4363
vn -0.8855 -0.1597 0.4363
vn -0.9046 -0.1631 0.3939
vn -0.9185 -0.1656 0.3590
vn -0.9359 -0.1688 0.3091
vn -0.9650 -0.1740 0.1961
vn -0.9797 -0.1767 -0.0948
vn -0.8188 -0.1477 -0.5547
vn -0.5063 -0.0913 -0.8575
vn -0.1710 -0.0308 -0.9848
vn 0.1710 0.0308 -0.9848
vn 0.5063 0.0913 -0.8575
vn 0.8188 0.1477 -0.5547
vn 0.9797 0.1767 -0.0948
vn 0.9650 0.1740 0.1961
vn 0.9359 0.1688 0.3091
vn 0.9185 0.1656 0.3590
vn 0.9046 0.1631 0.3939
vn -0.1775 0.9841 -0.0000
vn 0.1775 -0.9841 -0.0000
vn -0.0000 -0.0000 1.0000
vn -0.9841 -0.1775 -0.0000
vn -0.1775 0.9841 -0.0000
vn 0.1775 -0.9841 -0.0000
vn -0.0000 -0.0000 -1.0000
vn 0.9841 0.1775 -0.0000
vn -0.7608 0.4804 0.4363
vn 0.7608 -0.4804 0.4363
vn 0.7772 -0.4907 0.3939
vn 0.7892 -0.4983 0.3590
vn 0.8042 -0.5077 0.3091
vn 0.8291 -0.5235 0.1961
vn 0.8417 -0.5315 -0.0948
vn 0.7035 -0.4442 -0.5547
vn 0.4350 -0.2747 -0.8575
vn 0.1469 -0.0928 -0.9848
vn -0.1469 0.0928 -0.9848
vn -0.4350 0.2747 -0.8575
vn -0.7035 0.4442 -0.5547
vn -0.8417 0.5315 -0.0948
vn -0.8291 0.5235 0.1961
vn -0.8042 0.5077 0.3091
vn -0.7892 0.4983 0.3590
vn -0.7772 0.4907 0.3939
vn -0.5339 -0.8456 -0.0000
vn 0.5339 0.8456 -0.0000
vn -0.0000 -0.0000 1.0000
vn 0.8456 -0.5339 -0.0000
vn -0.5339 -0.8456 -0.0000
vn 0.5339 0.8456 -0.0000
vn -0.0000 -0.0000 -1.0000
vn -0.8456 0.5339 -0.0000
vn 0.2393 -0.8674 0.4363
vn -0.2393 0.8674 0.4363
vn -0.2445 0.8860 0.3939
vn -0.2482 0.8997 0.3590
vn -0.2529 0.9168 0.3091
vn -0.2608 0.9453 0.1961
vn -0.2648 0.9596 -0.0948
vn -0.2213 0.8021 -0.5547
vn -0.1368 0.4960 -0.8575
vn -0.0462 0.1675 -0.9848
vn 0.0462 -0.1675 -0.9848
vn 0.1368 -0.4960 -0.8575
vn 0.2213 -0.8021 -0.5547
vn 0.2648 -0.9596 -0.0948
vn 0.2608 -0.9453 0.1961
vn 0.2529 -0.9168 0.3091
vn 0.2482 -0.8997 0.3590
vn 0.2445 -0.8860 0.3939
vn 0.9640 0.2660 -0.0000
vn -0.9640 -0.2660 -0.0000
vn -0.0000 -0.0000 1.0000
vn -0.2660 0.9640 -0.0000
vn 0.9640 0.2660 -0.0000
vn -0.9640 -0.2660 -0.0000
vn -0.0000 -0.0000 -1.0000
vn 0.2660 -0.9640 -0.0000
vn 0.4094 0.8013 0.4363
vn -0.4094 -0.8013 0.4363
vn -0.4182 -0.8185 0.3939
vn -0.4247 -0.8311 0.3590
vn -0.4327 -0.8469 0.3091
vn -0.4462 -0.8732 0.1961
vn -0.4530 -0.8865 -0.0948
vn -0.3786 -0.7409 -0.5547
vn -0.2341 -0.4581 -0.8575
vn -0.2341 -0.4582 -0.8575
vn -0.0791 -0.1548 -0.9848
vn 0.0791 0.1548 -0.9848
vn 0.2341 0.4582 -0.8575
vn 0.2341 0.4581 -0.8575
vn 0.3786 0.7409 -0.5547
vn 0.4530 0.8865 -0.0948
vn 0.4462 0.8732 0.1961
vn 0.4327 0.8469 0.3091
vn 0.4247 0.8311 0.3590
vn 0.4182 0.8185 0.3939
vn -0.8905 0.4550 -0.0000
vn 0.8905 -0.4550 -0.0000
vn -0.0000 -0.0000 1.0000
vn -0.4550 -0.8905 -0.0000
vn -0.8905 0.4550 -0.0000
vn 0.8905 -0.4550 -0.0000
vn -0.0000 -0.0000 -1.0000
vn 0.4550 0.8905 -0.0000
vn -0.8421 -0.3170 0.4363
vn 0.8421 0.3170 0.4363
vn 0.8602 0.3238 0.3939
vn 0.8735 0.3288 0.3590
vn 0.8901 0.3350 0.3091
vn 0.9177 0.3454 0.1961
vn 0.9317 0.3507 -0.0948
vn 0.7787 0.2931 -0.5547
vn 0.4815 0.1812 -0.8575
vn 0.1626 0.0612 -0.9848
vn -0.1626 -0.0612 -0.9848
vn -0.4815 -0.1812 -0.8575
vn -0.7787 -0.2931 -0.5547
vn -0.9317 -0.3507 -0.0948
vn -0.9177 -0.3454 0.1961
vn -0.8901 -0.3350 0.3091
vn -0.8735 -0.3288 0.3590
vn -0.8602 -0.3238 0.3939
vn 0.3523 -0.9359 -0.0000
vn -0.3523 0.9359 -0.0000
vn -0.0000 -0.0000 1.0000
vn 0.9359 0.3523 -0.0000
vn 0.3523 -0.9359 -0.0000
vn -0.3523 0.9359 -0.0000
vn -0.0000 -0.0000 -1.0000
vn -0.9359 -0.3523 -0.0000
vn 0.8351 -0.3351 0.4363
vn -0.8351 0.3351 0.4363
vn -0.8530 0.3423 0.3939
vn -0.8662 0.3476 0.3590
vn -0.8826 0.3542 0.3091
vn -0.9101 0.3652 0.1961
vn -0.9239 0.3707 -0.0948
vn -0.7722 0.3099 -0.5547
vn -0.4775 0.1916 -0.8575
vn -0.1613 0.0647 -0.9848
vn 0.1613 -0.0647 -0.9848
vn 0.4775 -0.1916 -0.8575
vn 0.7722 -0.3099 -0.5547
vn 0.9239 -0.3707 -0.0948
vn 0.9101 -0.3652 0.1961
vn 0.8826 -0.3542 0.3091
vn 0.8662 -0.3476 0.3590
vn 0.8530 -0.3423 0.3939
vn 0.3724 0.9281 -0.0000
vn -0.3724 -0.9281 -0.0000
vn -0.0000 -0.0000 1.0000
vn -0.9281 0.3724 -0.0000
vn 0.3724 0.9281 -0.0000
vn -0.3724 -0.9281 -0.0000
vn -0.0000 -0.0000 -1.0000
vn 0.9281 -0.3724 -0.0000
vn -0.3895 0.8112 0.4363
vn 0.3895 -0.8112 0.4363
vn 0.3978 -0.8286 0.3939
vn 0.4040 -0.8414 0.3590
vn 0.4116 -0.8573 0.3091
vn 0.4244 -0.8840 0.1961
vn 0.4309 -0.8974 -0.0948
vn 0.3601 -0.7501 -0.5547
vn 0.2227 -0.4638 -0.8575
vn 0.0752 -0.1567 -0.9848
vn -0.0752 0.1567 -0.9848
vn -0.2227 0.4638 -0.8575
vn -0.3601 0.7501 -0.5547
vn -0.4309 0.8974 -0.0948
vn -0.4244 0.8840 0.1961
vn -0.4116 0.8573 0.3091
vn -0.4040 0.8414 0.3590
vn -0.3978 0.8286 0.3939
vn -0.9015 -0.4328 -0.0000
vn 0.9015 0.4328 -0.0000
vn -0.0000 -0.0000 1.0000
vn 0.4328 -0.9015 -0.0000
vn -0.9015 -0.4328 -0.0000
vn 0.9015 0.4328 -0.0000
vn -0.0000 -0.0000 -1.0000
vn -0.4328 0.9015 -0.0000
vn -0.2580 -0.8620 0.4363
vn 0.2580 0.8620 0.4363
vn 0.2635 0.8806 0.3939
vn 0.2676 0.8942 0.3590
vn 0.2727 0.9111 0.3091
vn 0.2811 0.9394 0.1961
vn 0.2854 0.9537 -0.0948
vn 0.2386 0.7971 -0.5547
vn 0.1475 0.4929 -0.8575
vn 0.0498 0.1665 -0.9848
vn -0.0498 -0.1665 -0.9848
vn -0.1475 -0.4929 -0.8575
vn -0.2386 -0.7971 -0.5547
vn -0.2854 -0.9537 -0.0948
vn -0.2811 -0.9394 0.1961
vn -0.2727 -0.9111 0.3091
vn -0.2676 -0.8942 0.3590
vn -0.2635 -0.8806 0.3939
vn 0.9580 -0.2867 -0.0000
vn -0.9580 0.2867 -0.0000
vn -0.0000 -0.0000 1.0000
vn 0.2867 0.9580 -0.0000
vn 0.9580 -0.2867 -0.0000
vn -0.9580 0.2867 -0.0000
vn -0.0000 -0.0000 -1.0000
vn -0.2867 -0.9580 -0.0000
vn 0.7725 0.4614 0.4363
vn -0.7725 -0.4614 0.4363
vn -0.7891 -0.4713 0.3939
vn -0.8013 -0.4786 0.3590
vn -0.8165 -0.4877 0.3091
vn -0.8419 -0.5028 0.1961
vn -0.8547 -0.5105 -0.0948
vn -0.7143 -0.4266 -0.5547
vn -0.4417 -0.2638 -0.8575
vn -0.1492 -0.0891 -0.9848
vn 0.1492 0.0891 -0.9848
vn 0.4417 0.2638 -0.8575
vn 0.7143 0.4266 -0.5547
vn 0.8547 0.5105 -0.0948
vn 0.8419 0.5028 0.1961
vn 0.8165 0.4877 0.3091
vn 0.8013 0.4786 0.3590
vn 0.7891 0.4713 0.3939
vn -0.5128 0.8585 -0.0000
vn 0.5128 -0.8585 -0.0000
vn -0.0000 -0.0000 1.0000
vn -0.8585 -0.5128 -0.0000
vn -0.5128 0.8585 -0.0000
vn 0.5128 -0.8585 -0.0000
vn -0.0000 -0.0000 -1.0000
vn 0.8585 0.5128 -0.0000
vn -0.8813 0.1816 0.4363
vn 0.8813 -0.1816 0.4363
vn 0.9002 -0.1855 0.3939
vn 0.9141 -0.1883 0.3590
vn 0.9315 -0.1919 0.3091
vn 0.9604 -0.1979 0.1961
vn 0.9750 -0.2009 -0.0948
vn 0.8149 -0.1679 -0.5547
vn 0.5039 -0.1038 -0.8575
vn 0.1702 -0.0351 -0.9848
vn -0.1702 0.0351 -0.9848
vn -0.5039 0.1038 -0.8575
vn -0.8149 0.1679 -0.5547
vn -0.9750 0.2009 -0.0948
vn -0.9604 0.1979 0.1961
vn -0.9315 0.1919 0.3091
vn -0.9141 0.1883 0.3590
vn -0.9002 0.1855 0.3939
vn -0.2018 -0.9794 -0.0000
vn 0.2018 0.9794 -0.0000
vn -0.0000 -0.0000 1.0000
vn 0.9794 -0.2018 -0.0000
vn -0.2018 -0.9794 -0.0000
vn 0.2018 0.9794 -0.0000
vn -0.0000 -0.0000 -1.0000
vn -0.9794 0.2018 -0.0000
vn 0.5295 -0.7275 0.4363
vn -0.5295 0.7275 0.4363
vn -0.5409 0.7431 0.3939
vn -0.5493 0.7546 0.3590
vn -0.5597 0.7689 0.3091
vn -0.5771 0.7928 0.1961
vn -0.5859 0.8049 -0.0948
vn -0.4897 0.6727 -0.5547
vn -0.3028 0.4160 -0.8575
vn -0.1023 0.1405 -0.9848
vn 0.1023 -0.1405 -0.9848
vn 0.3028 -0.4160 -0.8575
vn 0.4897 -0.6727 -0.5547
vn 0.5859 -0.8049 -0.0948
vn 0.5771 -0.7928 0.1961
vn 0.5597 -0.7689 0.3091
vn 0.5493 -0.7546 0.3590
vn 0.5409 -0.7431 0.3939
vn 0.8085 0.5885 -0.0000
vn -0.8085 -0.5885 -0.0000
vn -0.0000 -0.0000 1.0000
vn -0.5885 0.8085 -0.0000
vn 0.8085 0.5885 -0.0000
vn -0.8085 -0.5885 -0.0000
vn -0.0000 -0.0000 -1.0000
vn 0.5885 -0.8085 -0.0000
vn 0.1009 0.8941 0.4363
vn -0.1009 -0.8941 0.4363
vn -0.1031 -0.9133 0.3939
vn -0.1047 -0.9275 0.3590
vn -0.1067 -0.9450 0.3091
vn -0.1100 -0.9744 0.1961
vn -0.1116 -0.9892 -0.0948
vn -0.0933 -0.8268 -0.5547
vn -0.0577 -0.5112 -0.8575
vn -0.0577 -0.5113 -0.8575
vn -0.0195 -0.1727 -0.9848
vn 0.0195 0.1727 -0.9848
vn 0.0577 0.5113 -0.8575
vn 0.0577 0.5112 -0.8575
vn 0.0933 0.8268 -0.5547
vn 0.1116 0.9892 -0.0948
vn 0.1100 0.9744 0.1961
vn 0.1067 0.9450 0.3091
vn 0.1047 0.9275 0.3590
vn 0.1031 0.9133 0.3939
vn -0.9937 0.1122 -0.0000
vn 0.9937 -0.1122 -0.0000
vn -0.0000 -0.0000 1.0000
vn -0.1122 -0.9937 -0.0000
vn -0.9937 0.1122 -0.0000
vn 0.9937 -0.1122 -0.0000
vn -0.0000 -0.0000 -1.0000
vn 0.1122 0.9937 -0.0000
vn -0.6765 -0.5933 0.4363
vn 0.6765 0.5933 0.4363
vn 0.6910 0.6061 0.3939
vn 0.7017 0.6154 0.3590
vn 0.7150 0.6271 0.3091
vn 0.7372 0.6466 0.1961
vn 0.7484 0.6564 -0.0948
vn 0.6255 0.5486 -0.5547
vn 0.3868 0.3393 -0.8575
vn 0.1307 0.1146 -0.9848
vn -0.1307 -0.1146 -0.9848
vn -0.3868 -0.3393 -0.8575
vn -0.6255 -0.5486 -0.5547
vn -0.7484 -0.6564 -0.0948
vn -0.7372 -0.6466 0.1961
vn -0.7150 -0.6271 0.3091
vn -0.7017 -0.6154 0.3590
vn -0.6910 -0.6061 0.3939
vn 0.6594 -0.7518 -0.0000
vn -0.6594 0.7518 -0.0000
vn -0.0000 -0.0000 1.0000
vn 0.7518 0.6594 -0.0000
vn 0.6594 -0.7518 -0.0000
vn -0.6594 0.7518 -0.0000
vn -0.0000 -0.0000 -1.0000
vn -0.7518 -0.6594 -0.0000
vn 0.8996 -0.0194 0.4363
vn -0.8996 0.0194 0.4363
vn -0.9189 0.0198 0.3939
vn -0.9331 0.0202 0.3590
vn -0.9508 0.0205 0.3091
vn -0.9804 0.0212 0.1961
vn -0.9953 0.0215 -0.0948
vn -0.8319 0.0180 -0.5547
vn -0.5144 0.0111 -0.8575
vn -0.1737 0.0038 -0.9848
vn 0.1737 -0.0038 -0.9848
vn 0.5144 -0.0111 -0.8575
vn 0.8319 -0.0180 -0.5547
vn 0.9953 -0.0215 -0.0948
vn 0.9804 -0.0212 0.1961
vn 0.9508 -0.0205 0.3091
vn 0.9331 -0.0202 0.3590
vn 0.9189 -0.0198 0.3939
vn 0.0216 0.9998 -0.0000
vn -0.0216 -0.9998 -0.0000
vn -0.0000 -0.0000 1.0000
vn -0.9998 0.0216 -0.0000
vn 0.0216 0.9998 -0.0000
vn -0.0216 -0.9998 -0.0000
vn -0.0000 -0.0000 -1.0000
vn 0.9998 -0.0216 -0.0000
vn -1.0000 -0.0000 -0.0000
vn -0.0000 1.0000 -0.0000
vn 1.0000 -0.0000 -0.0000
vn -0.0000 -1.0000 -0.0000
vn -0.0000 -0.0000 -1.0000
vn -0.0000 -0.0000 1.0000
vn -0.3251 -0.3251 -0.8881
vn -0.3251 -0.8881 -0.3251
vn -0.8881 -0.3251 -0.3251
vn -0.3251 -0.8881 0.3251
vn -0.3251 -0.3251 0.8881
vn -0.8881 -0.3251 0.3251
vn -0.3251 0.3251 -0.8881
vn -0.8881 0.3251 -0.3251
vn -0.3251 0.8881 -0.3251
vn -0.3251 0.3251 0.8881
vn -0.3251 0.8881 0.3251
vn -0.8881 0.3251 0.3251
vn 0.3251 -0.3251 -0.8881
vn 0.8881 -0.3251 -0.3251
vn 0.3251 -0.8881 -0.3251
vn 0.3251 -0.3251 0.8881
vn 0.3251 -0.8881 0.3251
vn 0.8881 -0.3251 0.3251
vn 0.3251 0.3251 -0.8881
vn 0.3251 0.8881 -0.3251
vn 0.8881 0.3251 -0.3251
vn 0.3251 0.3251 0.8881
vn 0.8881 0.3251 0.3251
vn 0.3251 0.8881 0.3251
vn -0.3827 -0.0000 -0.9239
vn -0.9239 -0.0000 -0.3827
vn -0.3827 -0.9239 -0.0000
vn -0.9239 -0.3827 -0.0000
vn -0.3827 -0.0000 0.9239
vn -0.9239 -0.0000 0.3827
vn -0.3827 0.9239 -0.0000
vn -0.9239 0.3827 -0.0000
vn -0.0000 0.3827 -0.9239
vn -0.0000 0.9239 -0.3827
vn -0.0000 0.3827 0.9239
vn -0.0000 0.9239 0.3827
vn 0.9239 0.3827 -0.0000
vn 0.3827 0.9239 -0.0000
vn 0.3827 -0.0000 -0.9239
vn 0.9239 -0.0000 -0.3827
vn 0.3827 -0.0000 0.9239
vn 0.9239 -0.0000 0.3827
vn 0.3827 -0.9239 -0.0000
vn 0.9239 -0.3827 -0.0000
vn -0.0000 -0.3827 -0.9239
vn -0.0000 -0.9239 -0.3827
vn -0.0000 -0.3827 0.9239
vn -0.0000 -0.9239 0.3827
vn -0.0000 -0.0000 -1.0000
vn -1.0000 -0.0000 -0.0000
vn -0.0000 -1.0000 -0.0000
vn -0.0000 -0.0000 1.0000
vn -0.0000 1.0000 -0.0000
vn 1.0000 -0.0000 -0.0000
vn -0.5734 -0.7911 -0.2132
vn -0.4793 -0.5881 -0.6514
vn -0.1475 -0.3573 -0.9223
vn -0.0757 -0.7549 -0.6515
vn -0.1523 -0.9650 -0.2133
vn -0.3777 -0.9148 -0.1430
vn -0.3363 -0.8144 -0.4729
vn 0.5734 -0.7910 -0.2133
vn 0.3777 -0.9148 -0.1430
vn 0.1523 -0.9650 -0.2133
vn 0.0757 -0.7548 -0.6515
vn 0.1476 -0.3572 -0.9223
vn 0.4794 -0.5880 -0.6515
vn 0.3363 -0.8144 -0.4729
vn 0.9651 -0.1521 -0.2134
vn 0.9148 -0.3777 -0.1430
vn 0.7910 -0.5734 -0.2132
vn 0.5881 -0.4793 -0.6514
vn 0.3572 -0.1475 -0.9223
vn 0.7548 -0.0756 -0.6516
vn 0.8145 -0.3360 -0.4730
vn 0.7910 0.5735 -0.2134
vn 0.9149 0.3776 -0.1430
vn 0.9651 0.1521 -0.2134
vn 0.7548 0.0755 -0.6515
vn 0.3572 0.1475 -0.9223
vn 0.5881 0.4793 -0.6515
vn 0.8144 0.3363 -0.4729
vn 0.1522 0.9650 -0.2135
vn 0.3776 0.9149 -0.1430
vn 0.5734 0.7910 -0.2133
vn 0.4794 0.5881 -0.6514
vn 0.1475 0.3573 -0.9223
vn 0.0756 0.7549 -0.6515
vn 0.3363 0.8144 -0.4729
vn -0.5734 0.7910 -0.2133
vn -0.3776 0.9149 -0.1430
vn -0.1522 0.9650 -0.2134
vn -0.0757 0.7548 -0.6516
vn -0.1475 0.3573 -0.9223
vn -0.4794 0.5882 -0.6514
vn -0.3361 0.8144 -0.4730
vn -0.9650 0.1523 -0.2133
vn -0.9149 0.3776 -0.1429
vn -0.7910 0.5734 -0.2134
vn -0.5881 0.4793 -0.6514
vn -0.3572 0.1475 -0.9223
vn -0.7548 0.0757 -0.6515
vn -0.8144 0.3363 -0.4729
vn -0.7910 -0.5734 -0.2133
vn -0.9149 -0.3776 -0.1429
vn -0.9650 -0.1523 -0.2133
vn -0.7549 -0.0757 -0.6515
vn -0.3573 -0.1476 -0.9223
vn -0.5882 -0.4793 -0.6514
vn -0.8144 -0.3362 -0.4730
vn -0.5657 -0.8206 0.0814
vn -0.3888 -0.9194 0.0598
vn -0.1905 -0.9800 0.0582
vn -0.2122 -0.9672 -0.1399
vn -0.1856 -0.9248 -0.3320
vn -0.3602 -0.8646 -0.3502
vn -0.5134 -0.7651 -0.3886
vn -0.5481 -0.8216 -0.1567
vn -0.3924 -0.9082 -0.1456
vn 0.5657 -0.8206 0.0814
vn 0.5481 -0.8216 -0.1567
vn 0.5134 -0.7651 -0.3887
vn 0.3602 -0.8646 -0.3502
vn 0.1856 -0.9248 -0.3320
vn 0.2122 -0.9672 -0.1399
vn 0.1905 -0.9800 0.0582
vn 0.3888 -0.9194 0.0598
vn 0.3924 -0.9082 -0.1456
vn 0.9800 -0.1904 0.0583
vn 0.9672 -0.2121 -0.1400
vn 0.9249 -0.1855 -0.3320
vn 0.8647 -0.3602 -0.3502
vn 0.7650 -0.5135 -0.3887
vn 0.8216 -0.5481 -0.1566
vn 0.8206 -0.5657 0.0814
vn 0.9194 -0.3888 0.0599
vn 0.9082 -0.3923 -0.1457
vn 0.8206 0.5657 0.0814
vn 0.8216 0.5481 -0.1567
vn 0.7651 0.5135 -0.3886
vn 0.8647 0.3602 -0.3501
vn 0.9249 0.1855 -0.3320
vn 0.9671 0.2122 -0.1399
vn 0.9800 0.1905 0.0583
vn 0.9194 0.3888 0.0599
vn 0.9082 0.3924 -0.1458
vn 0.1905 0.9800 0.0582
vn 0.2122 0.9672 -0.1399
vn 0.1856 0.9249 -0.3319
vn 0.3602 0.8647 -0.3501
vn 0.5134 0.7651 -0.3886
vn 0.5481 0.8216 -0.1566
vn 0.5657 0.8206 0.0814
vn 0.3888 0.9194 0.0599
vn 0.3924 0.9082 -0.1457
vn -0.5657 0.8206 0.0813
vn -0.5481 0.8216 -0.1565
vn -0.5135 0.7650 -0.3888
vn -0.3602 0.8647 -0.3502
vn -0.1856 0.9249 -0.3319
vn -0.2122 0.9672 -0.1399
vn -0.1905 0.9800 0.0582
vn -0.3887 0.9194 0.0599
vn -0.3924 0.9082 -0.1457
vn -0.9800 0.1905 0.0582
vn -0.9672 0.2121 -0.1399
vn -0.9249 0.1855 -0.3320
vn -0.8647 0.3603 -0.3501
vn -0.7651 0.5134 -0.3886
vn -0.8216 0.5481 -0.1567
vn -0.8206 0.5657 0.0814
vn -0.9194 0.3888 0.0598
vn -0.9082 0.3924 -0.1457
vn -0.8206 -0.5657 0.0814
vn -0.8216 -0.5481 -0.1567
vn -0.7651 -0.5134 -0.3887
vn -0.8647 -0.3602 -0.3501
vn -0.9248 -0.1856 -0.3320
vn -0.9672 -0.2123 -0.1399
vn -0.9800 -0.1905 0.0582
vn -0.9194 -0.3887 0.0599
vn -0.9082 -0.3924 -0.1457
vn -0.5089 -0.7583 -0.4074
vn -0.3228 -0.8372 -0.4415
vn -0.1456 -0.9354 -0.3221
vn -0.0888 -0.9312 0.3536
vn -0.1422 -0.4211 0.8958
vn -0.5531 -0.7889 0.2678
vn -0.3422 -0.9376 -0.0622
vn 0.5090 -0.7584 -0.4072
vn 0.5531 -0.7889 0.2679
vn 0.1422 -0.4212 0.8957
vn 0.0889 -0.9310 0.3539
vn 0.1455 -0.9354 -0.3222
vn 0.3228 -0.8372 -0.4414
vn 0.3422 -0.9376 -0.0619
vn 0.9354 -0.1456 -0.3221
vn 0.9311 -0.0889 0.3537
vn 0.4212 -0.1422 0.8958
vn 0.7888 -0.5531 0.2680
vn 0.7583 -0.5090 -0.4072
vn 0.8373 -0.3228 -0.4413
vn 0.9377 -0.3419 -0.0621
vn 0.7583 0.5089 -0.4074
vn 0.7889 0.5530 0.2678
vn 0.4211 0.1421 0.8958
vn 0.9311 0.0889 0.3539
vn 0.9355 0.1455 -0.3220
vn 0.8372 0.3229 -0.4413
vn 0.9375 0.3424 -0.0623
vn 0.1456 0.9355 -0.3220
vn 0.0888 0.9311 0.3537
vn 0.1422 0.4212 0.8958
vn 0.5532 0.7888 0.2679
vn 0.5090 0.7583 -0.4073
vn 0.3228 0.8373 -0.4413
vn 0.3420 0.9377 -0.0618
vn -0.5091 0.7582 -0.4074
vn -0.5531 0.7888 0.2680
vn -0.1421 0.4211 0.8958
vn -0.0888 0.9311 0.3538
vn -0.1455 0.9355 -0.3221
vn -0.3228 0.8373 -0.4413
vn -0.3420 0.9377 -0.0619
vn -0.9354 0.1455 -0.3222
vn -0.9311 0.0888 0.3538
vn -0.4211 0.1422 0.8958
vn -0.7888 0.5531 0.2680
vn -0.7583 0.5090 -0.4074
vn -0.8372 0.3228 -0.4414
vn -0.9375 0.3423 -0.0621
vn -0.7583 -0.5089 -0.4073
vn -0.7889 -0.5531 0.2677
vn -0.4211 -0.1421 0.8958
vn -0.9311 -0.0888 0.3537
vn -0.9354 -0.1455 -0.3222
vn -0.8372 -0.3228 -0.4414
vn -0.9375 -0.3424 -0.0622
vn -0.6769 -0.6769 -0.2891
vn -0.5000 -0.5000 -0.7071
vn -0.2044 -0.2044 -0.9573
vn -0.2890 -0.0000 -0.9573
vn -0.7071 -0.0000 -0.7071
vn -0.9573 -0.0000 -0.2890
vn -0.2044 0.2044 -0.9573
vn -0.5000 0.5000 -0.7071
vn -0.6769 0.6769 -0.2891
vn -0.0000 0.2890 -0.9573
vn -0.0000 0.7071 -0.7071
vn -0.0000 0.9573 -0.2890
vn 0.2044 0.2044 -0.9573
vn 0.5000 0.5000 -0.7071
vn 0.6769 0.6769 -0.2891
vn 0.2890 -0.0000 -0.9573
vn 0.7071 -0.0000 -0.7071
vn 0.9573 -0.0000 -0.2891
vn 0.2044 -0.2044 -0.9573
vn 0.5000 -0.5000 -0.7071
vn 0.6769 -0.6769 -0.2891
vn -0.0000 -0.2890 -0.9573
vn -0.0000 -0.7071 -0.7071
vn -0.0000 -0.9573 -0.2890
vn -0.1641 -0.9864 -0.0012
vn -0.3815 -0.9244 -0.0023
vn -0.5801 -0.8145 -0.0012
vn 0.5801 -0.8145 -0.0012
vn 0.3814 -0.9244 -0.0023
vn 0.1641 -0.9864 -0.0012
vn 0.9865 -0.1640 -0.0012
vn 0.9244 -0.3814 -0.0023
vn 0.8145 -0.5802 -0.0012
vn 0.8145 0.5802 -0.0011
vn 0.9244 0.3814 -0.0023
vn 0.9865 0.1641 -0.0012
vn 0.1640 0.9865 -0.0012
vn 0.3814 0.9244 -0.0023
vn 0.5802 0.8145 -0.0012
vn -0.5801 0.8145 -0.0012
vn -0.3815 0.9244 -0.0023
vn -0.1640 0.9865 -0.0012
vn -0.9864 0.1641 -0.0012
vn -0.9244 0.3814 -0.0023
vn -0.8146 0.5801 -0.0012
vn -0.8146 -0.5801 -0.0012
vn -0.9244 -0.3814 -0.0023
vn -0.9864 -0.1641 -0.0012
vn -0.1588 -0.9554 0.2490
vn -0.3672 -0.8900 0.2701
vn -0.5572 -0.7824 0.2781
vn 0.5572 -0.7824 0.2781
vn 0.3672 -0.8900 0.2701
vn 0.1588 -0.9554 0.2490
vn -0.0000 -0.9976 0.0688
vn -0.0000 -0.9917 -0.1285
vn -0.0000 -0.9471 -0.3208
vn 0.9554 -0.1588 0.2490
vn 0.8900 -0.3672 0.2701
vn 0.7824 -0.5572 0.2781
vn 0.7045 -0.7045 0.0859
vn 0.6976 -0.6976 -0.1632
vn 0.6474 -0.6474 -0.4021
vn 0.7825 0.5572 0.2781
vn 0.8900 0.3673 0.2701
vn 0.9554 0.1588 0.2490
vn 0.9976 -0.0000 0.0689
vn 0.9917 -0.0000 -0.1285
vn 0.9471 -0.0000 -0.3208
vn 0.1588 0.9554 0.2490
vn 0.3672 0.8900 0.2701
vn 0.5572 0.7824 0.2781
vn 0.7045 0.7045 0.0859
vn 0.6976 0.6976 -0.1631
vn 0.6474 0.6474 -0.4021
vn -0.5572 0.7824 0.2781
vn -0.3672 0.8900 0.2701
vn -0.1588 0.9554 0.2489
vn -0.0000 0.9976 0.0688
vn -0.0000 0.9917 -0.1284
vn -0.0000 0.9471 -0.3208
vn -0.9554 0.1588 0.2489
vn -0.8900 0.3673 0.2701
vn -0.7825 0.5572 0.2781
vn -0.7045 0.7045 0.0859
vn -0.6976 0.6976 -0.1631
vn -0.6474 0.6474 -0.4021
vn -0.7824 -0.5572 0.2781
vn -0.8900 -0.3672 0.2701
vn -0.9554 -0.1588 0.2490
vn -0.9976 -0.0000 0.0688
vn -0.9917 -0.0000 -0.1285
vn -0.9472 -0.0000 -0.3208
vn -0.6474 -0.6474 -0.4021
vn -0.6976 -0.6976 -0.1632
vn -0.7045 -0.7045 0.0860
vn -0.1397 -0.8483 -0.5108
vn -0.3079 -0.7767 -0.5495
vn -0.4653 -0.6780 -0.5690
vn 0.4653 -0.6780 -0.5690
vn 0.3078 -0.7767 -0.5495
vn 0.1397 -0.8483 -0.5108
vn -0.0000 -0.9834 -0.1815
vn -0.0000 -0.8563 0.5165
vn -0.0000 -0.2981 0.9545
vn 0.8483 -0.1397 -0.5108
vn 0.7767 -0.3078 -0.5495
vn 0.6780 -0.4653 -0.5690
vn 0.6732 -0.6732 -0.3061
vn 0.6266 -0.6266 0.4635
vn 0.2061 -0.2061 0.9566
vn 0.6780 0.4653 -0.5690
vn 0.7767 0.3079 -0.5495
vn 0.8483 0.1397 -0.5108
vn 0.9834 -0.0000 -0.1815
vn 0.8562 -0.0000 0.5166
vn 0.2982 -0.0000 0.9545
vn 0.1397 0.8483 -0.5108
vn 0.3079 0.7767 -0.5495
vn 0.4653 0.6781 -0.5690
vn 0.6731 0.6731 -0.3063
vn 0.6265 0.6265 0.4636
vn 0.2061 0.2061 0.9566
vn -0.4653 0.6780 -0.5690
vn -0.3078 0.7767 -0.5495
vn -0.1396 0.8483 -0.5108
vn -0.0000 0.9834 -0.1815
vn -0.0000 0.8562 0.5167
vn -0.0000 0.2982 0.9545
vn -0.8483 0.1397 -0.5108
vn -0.7767 0.3079 -0.5495
vn -0.6780 0.4653 -0.5691
vn -0.6731 0.6731 -0.3062
vn -0.6265 0.6265 0.4636
vn -0.2061 0.2061 0.9566
vn -0.6780 -0.4653 -0.5690
vn -0.7767 -0.3079 -0.5495
vn -0.8483 -0.1397 -0.5108
vn -0.9834 -0.0000 -0.1815
vn -0.8563 -0.0000 0.5165
vn -0.2981 -0.0000 0.9545
vn -0.2061 -0.2061 0.9566
vn -0.6266 -0.6266 0.4635
vn -0.6731 -0.6731 -0.3062
vn -0.7071 -0.7071 -0.0000
vn -0.0000 -0.0000 -1.0000
vn -0.0000 -1.0000 -0.0000
vn 0.7071 -0.7071 -0.0000
vn 1.0000 -0.0000 -0.0000
vn 0.7071 0.7071 -0.0000
vn -0.0000 1.0000 -0.0000
vn -0.7071 0.7071 -0.0000
vn -1.0000 -0.0000 -0.0000
vn -0.6797 -0.6797 0.2755
vn -0.0000 -0.9742 0.2256
vn 0.6797 -0.6797 0.2755
vn 0.9742 -0.0000 0.2256
vn 0.6797 0.6797 0.2755
vn -0.0000 0.9742 0.2256
vn -0.6797 0.6797 0.2755
vn -0.9742 -0.0000 0.2256
vn -0.5809 -0.5809 -0.5703
vn -0.0000 -0.8846 -0.4664
vn 0.5808 -0.5808 -0.5703
vn 0.8846 -0.0000 -0.4664
vn 0.5809 0.5808 -0.5703
vn -0.0000 0.8846 -0.4664
vn -0.5809 0.5809 -0.5703
vn -0.8846 -0.0000 -0.4664
vn -0.0000 -0.0000 1.0000
vn -0.3251 -0.3251 -0.8881
vn -0.3251 -0.8881 -0.3251
vn -0.8881 -0.3251 -0.3251
vn -0.3251 -0.8881 0.3251
vn -0.3251 -0.3251 0.8881
vn -0.8881 -0.3251 0.3251
vn -0.3251 0.3251 -0.8881
vn -0.8881 0.3251 -0.3251
vn -0.3251 0.8881 -0.3251
vn -0.3251 0.3251 0.8881
vn -0.3251 0.8881 0.3251
vn -0.8881 0.3251 0.3251
vn 0.3251 -0.3251 -0.8881
vn 0.8881 -0.3251 -0.3251
vn 0.3251 -0.8881 -0.3251
vn 0.3251 -0.3251 0.8881
vn 0.3251 -0.8881 0.3251
vn 0.8881 -0.3251 0.3251
vn 0.3251 0.3251 -0.8881
vn 0.3251 0.8881 -0.3251
vn 0.8881 0.3251 -0.3251
vn 0.3251 0.3251 0.8881
vn 0.8881 0.3251 0.3251
vn 0.3251 0.8881 0.3251
vn -0.3827 -0.0000 -0.9239
vn -0.9239 -0.0000 -0.3827
vn -0.3827 -0.9239 -0.0000
vn -0.9239 -0.3827 -0.0000
vn -0.3827 -0.0000 0.9239
vn -0.9239 -0.0000 0.3827
vn -0.3827 0.9239 -0.0000
vn -0.9239 0.3827 -0.0000
vn -0.0000 0.3827 -0.9239
vn -0.0000 0.9239 -0.3827
vn -0.0000 0.3827 0.9239
vn -0.0000 0.9239 0.3827
vn 0.9239 0.3827 -0.0000
vn 0.3827 0.9239 -0.0000
vn 0.3827 -0.0000 -0.9239
vn 0.9239 -0.0000 -0.3827
vn 0.3827 -0.0000 0.9239
vn 0.9239 -0.0000 0.3827
vn 0.3827 -0.9239 -0.0000
vn 0.9239 -0.3827 -0.0000
vn -0.0000 -0.3827 -0.9239
vn -0.0000 -0.9239 -0.3827
vn -0.0000 -0.3827 0.9239
vn -0.0000 -0.9239 0.3827
vn -0.0000 -0.0000 -1.0000
vn -1.0000 -0.0000 -0.0000
vn -0.0000 -1.0000 -0.0000
vn -0.0000 -0.0000 1.0000
vn -0.0000 1.0000 -0.0000
vn 1.0000 -0.0000 -0.0000
vn -1.0000 -0.0000 -0.0000
vn -0.0000 1.0000 -0.0000
vn 1.0000 -0.0000 -0.0000
vn -0.0000 -1.0000 -0.0000
vn -0.0000 -0.0000 -1.0000
vn -0.0000 -0.0000 1.0000
vn -1.0000 -0.0000 -0.0000
vn -0.0000 1.0000 -0.0000
vn 1.0000 -0.0000 -0.0000
vn -0.0000 -1.0000 -0.0000
vn -0.0000 -0.0000 -1.0000
vn -0.0000 -0.0000 1.0000
vn -1.0000 -0.0000 -0.0000
vn -0.0000 1.0000 -0.0000
vn 1.0000 -0.0000 -0.0000
vn -0.0000 -1.0000 -0.0000
vn -0.0000 -0.0000 -1.0000
vn -0.0000 -0.0000 1.0000
vn -1.0000 -0.0000 -0.0000
vn -0.0000 1.0000 -0.0000
vn 1.0000 -0.0000 -0.0000
vn -0.0000 -1.0000 -0.0000
vn -0.0000 -0.0000 -1.0000
vn -0.0000 -0.0000 1.0000
o sandbox_mesh_001
usemtl building_facade
s 0
f 1/1/1 2/2/1 3/3/1
f 2/2/1 4/4/1 3/3/1
f 2/2/1 5/5/1 4/4/1
f 6/6/2 7/7/2 8/8/2
f 7/7/2 3/9/2 8/8/2
f 7/7/2 1/10/2 3/9/2
f 9/5/3 10/11/3 11/4/3
f 10/11/3 8/3/3 11/4/3
f 10/11/3 6/1/3 8/3/3
f 5/10/4 12/12/4 4/9/4
f 12/12/4 11/8/4 4/9/4
f 12/12/4 9/6/4 11/8/4
f 8/13/5 3/14/5 11/15/5
f 3/14/5 4/16/5 11/15/5
usemtl building_roof
s 0
f 13/17/6 14/18/6 15/19/6
f 14/18/6 16/20/6 15/19/6
f 17/21/6 14/18/6 18/22/6
f 16/20/6 19/23/6 15/19/6
f 19/23/6 20/24/6 15/19/6
f 19/23/6 21/25/6 20/24/6
f 22/26/6 14/18/6 23/27/6
f 24/28/6 25/29/6 14/18/6
f 25/29/6 26/30/6 14/18/6
f 19/23/6 27/31/6 28/32/6
f 27/31/6 29/33/6 28/32/6
f 30/34/6 31/35/6 32/36/6
f 31/35/6 33/37/6 32/36/6
f 23/27/6 14/18/6 34/38/6
f 14/18/6 35/39/6 34/38/6
f 14/18/6 17/21/6 35/39/6
f 18/22/6 14/18/6 36/40/6
f 14/18/6 37/41/6 36/40/6
f 14/18/6 26/30/6 37/41/6
f 24/28/6 14/18/6 38/42/6
f 14/18/6 39/43/6 38/42/6
f 14/18/6 13/17/6 39/43/6
f 21/25/6 19/23/6 40/44/6
f 19/23/6 41/45/6 40/44/6
f 19/23/6 42/46/6 41/45/6
f 43/47/6 44/48/6 45/49/6
f 44/48/6 46/50/6 45/49/6
f 33/37/6 31/35/6 47/51/6
f 31/35/6 46/50/6 47/51/6
f 31/35/6 48/52/6 46/50/6
f 48/52/6 45/49/6 46/50/6
f 30/34/6 14/18/6 31/35/6
f 14/18/6 49/53/6 31/35/6
f 14/18/6 22/26/6 49/53/6
f 29/33/6 27/31/6 50/54/6
f 27/31/6 51/55/6 50/54/6
f 27/31/6 52/56/6 51/55/6
f 52/56/6 27/31/6 53/57/6
f 27/31/6 54/58/6 53/57/6
f 27/31/6 55/59/6 54/58/6
f 42/46/6 19/23/6 56/60/6
f 19/23/6 57/61/6 56/60/6
f 19/23/6 28/32/6 57/61/6
f 55/59/6 27/31/6 58/62/6
f 27/31/6 59/63/6 58/62/6
f 27/31/6 60/64/6 59/63/6
f 60/64/6 27/31/6 61/65/6
f 27/31/6 62/66/6 61/65/6
f 27/31/6 63/67/6 62/66/6
f 63/67/7 27/31/7 64/68/7
f 27/31/8 65/69/8 64/68/8
f 27/31/9 19/23/9 65/69/9
f 19/23/10 66/70/10 65/69/10
f 19/23/11 16/20/11 66/70/11
f 16/20/12 67/71/12 66/70/12
f 16/20/13 14/18/13 67/71/13
f 14/18/14 68/72/14 67/71/14
f 14/18/15 30/34/15 68/72/15
f 30/34/16 69/73/16 68/72/16
f 30/34/17 32/36/17 69/73/17
f 32/36/18 70/74/18 69/73/18
f 32/36/19 33/37/19 70/74/19
f 33/37/20 71/75/20 70/74/20
f 33/37/21 47/51/21 71/75/21
f 47/51/22 72/76/22 71/75/22
f 47/51/23 46/50/23 72/76/23
f 46/50/24 73/77/24 72/76/24
f 46/50/25 44/48/25 73/77/25
f 44/48/26 74/78/26 73/77/26
f 44/48/27 43/47/27 74/78/27
f 43/47/28 75/79/28 74/78/28
f 43/47/29 45/49/29 75/79/29
f 45/49/30 76/80/30 75/79/30
f 45/49/31 48/52/31 76/80/31
f 48/52/32 77/81/32 76/80/32
f 48/52/33 31/35/33 77/81/33
f 31/35/34 78/82/34 77/81/34
f 31/35/35 49/53/35 78/82/35
f 49/53/36 79/83/36 78/82/36
f 49/53/37 22/26/37 79/83/37
f 22/26/38 80/84/38 79/83/38
f 22/26/39 23/27/39 80/84/39
f 23/27/40 81/85/40 80/84/40
f 23/27/41 34/38/41 81/85/41
f 34/38/42 82/86/42 81/85/42
f 34/38/43 35/39/43 82/86/43
f 35/39/44 83/87/44 82/86/44
f 35/39/45 17/21/45 83/87/45
f 17/21/46 84/88/46 83/87/46
f 17/21/47 18/22/47 84/88/47
f 18/22/48 85/89/48 84/88/48
f 18/22/49 36/40/49 85/89/49
f 36/40/50 86/90/50 85/89/50
f 36/40/51 37/41/51 86/90/51
f 37/41/52 87/91/52 86/90/52
f 37/41/53 26/30/53 87/91/53
f 26/30/54 88/92/54 87/91/54
f 26/30/55 25/29/55 88/92/55
f 25/29/56 89/93/56 88/92/56
f 25/29/57 24/28/57 89/93/57
f 24/28/58 90/94/58 89/93/58
f 24/28/59 38/42/59 90/94/59
f 38/42/60 91/95/60 90/94/60
f 38/42/61 39/43/61 91/95/61
f 39/43/62 92/96/62 91/95/62
f 39/43/63 13/17/63 92/96/63
f 13/17/64 93/97/64 92/96/64
f 13/17/65 15/19/65 93/97/65
f 15/19/66 94/98/66 93/97/66
f 15/19/67 20/24/67 94/98/67
f 20/24/68 95/99/68 94/98/68
f 20/24/69 21/25/69 95/99/69
f 21/25/70 96/100/70 95/99/70
f 21/25/71 40/44/71 96/100/71
f 40/44/72 97/101/72 96/100/72
f 40/44/73 41/45/73 97/101/73
f 41/45/74 98/102/74 97/101/74
f 41/45/75 42/46/75 98/102/75
f 42/46/76 99/103/76 98/102/76
f 42/46/77 56/60/77 99/103/77
f 56/60/78 100/104/78 99/103/78
f 56/60/79 57/61/79 100/104/79
f 57/61/80 101/105/80 100/104/80
f 57/61/81 28/32/81 101/105/81
f 28/32/82 102/106/82 101/105/82
f 28/32/83 29/33/83 102/106/83
f 29/33/84 103/107/84 102/106/84
f 29/33/85 50/54/85 103/107/85
f 50/54/86 104/108/86 103/107/86
f 50/54/87 51/55/87 104/108/87
f 51/55/88 105/109/88 104/108/88
f 51/55/89 52/56/89 105/109/89
f 52/56/90 106/110/90 105/109/90
f 52/56/91 53/57/91 106/110/91
f 53/57/92 107/111/92 106/110/92
f 53/57/93 54/58/93 107/111/93
f 54/58/94 108/112/94 107/111/94
f 54/58/95 55/59/95 108/112/95
f 55/59/96 109/113/96 108/112/96
f 55/59/97 58/62/97 109/113/97
f 58/62/98 110/114/98 109/113/98
f 58/62/99 59/63/99 110/114/99
f 59/63/100 111/115/100 110/114/100
f 59/63/101 60/64/101 111/115/101
f 60/64/102 112/116/102 111/115/102
f 60/64/103 61/65/103 112/116/103
f 61/65/104 113/117/104 112/116/104
f 61/65/105 62/66/105 113/117/105
f 62/66/106 114/118/106 113/117/106
f 62/66/107 63/67/107 114/118/107
f 63/67/108 64/68/108 114/118/108
f 95/99/109 96/100/109 7/119/109
f 96/100/110 115/120/110 7/119/110
f 96/100/111 97/101/111 115/120/111
f 97/101/112 116/121/112 115/120/112
f 97/101/113 98/102/113 116/121/113
f 98/102/114 117/122/114 116/121/114
f 98/102/115 99/103/115 117/122/115
f 99/103/116 118/123/116 117/122/116
f 99/103/117 100/104/117 118/123/117
f 100/104/118 119/124/118 118/123/118
f 100/104/119 101/105/119 119/124/119
f 101/105/120 120/125/120 119/124/120
f 101/105/121 102/106/121 120/125/121
f 102/106/122 121/126/122 120/125/122
f 102/106/123 103/107/123 121/126/123
f 103/107/124 122/127/124 121/126/124
f 103/107/125 104/108/125 122/127/125
f 104/108/126 123/128/126 122/127/126
f 104/108/127 105/109/127 123/128/127
f 105/109/128 124/129/128 123/128/128
f 105/109/129 106/110/129 124/129/129
f 106/110/130 125/130/130 124/129/130
f 106/110/131 107/111/131 125/130/131
f 107/111/132 126/131/132 125/130/132
f 107/111/133 108/112/133 126/131/133
f 82/86/44 83/87/44 10/132/44
f 83/87/134 127/133/134 10/132/134
f 83/87/135 84/88/135 127/133/135
f 84/88/136 128/134/136 127/133/136
f 84/88/137 85/89/137 128/134/137
f 85/89/138 129/135/138 128/134/138
f 85/89/139 86/90/139 129/135/139
f 86/90/140 130/136/140 129/135/140
f 86/90/141 87/91/141 130/136/141
f 87/91/142 131/137/142 130/136/142
f 87/91/143 88/92/143 131/137/143
f 88/92/144 132/138/144 131/137/144
f 88/92/145 89/93/145 132/138/145
f 89/93/146 133/139/146 132/138/146
f 89/93/147 90/94/147 133/139/147
f 90/94/148 134/140/148 133/139/148
f 90/94/149 91/95/149 134/140/149
f 91/95/150 135/141/150 134/140/150
f 91/95/151 92/96/151 135/141/151
f 92/96/152 136/142/152 135/141/152
f 92/96/153 93/97/153 136/142/153
f 93/97/154 137/143/154 136/142/154
f 93/97/155 94/98/155 137/143/155
f 94/98/156 138/144/156 137/143/156
f 94/98/157 95/99/157 138/144/157
f 95/99/158 139/145/158 138/144/158
f 95/99/159 7/119/159 139/145/159
f 70/74/160 71/75/160 12/146/160
f 71/75/161 140/147/161 12/146/161
f 71/75/162 72/76/162 140/147/162
f 72/76/163 141/148/163 140/147/163
f 72/76/164 73/77/164 141/148/164
f 73/77/165 142/149/165 141/148/165
f 73/77/166 74/78/166 142/149/166
f 74/78/167 143/150/167 142/149/167
f 74/78/168 75/79/168 143/150/168
f 75/79/169 144/151/169 143/150/169
f 75/79/170 76/80/170 144/151/170
f 76/80/171 145/152/171 144/151/171
f 76/80/172 77/81/172 145/152/172
f 77/81/173 146/153/173 145/152/173
f 77/81/174 78/82/174 146/153/174
f 78/82/175 147/154/175 146/153/175
f 78/82/176 79/83/176 147/154/176
f 79/83/177 148/155/177 147/154/177
f 79/83/178 80/84/178 148/155/178
f 80/84/179 149/156/179 148/155/179
f 80/84/180 81/85/180 149/156/180
f 81/85/181 150/157/181 149/156/181
f 81/85/182 82/86/182 150/157/182
f 82/86/183 151/158/183 150/157/183
f 82/86/184 10/132/184 151/158/184
f 126/131/185 108/112/185 152/159/185
f 108/112/186 2/160/186 152/159/186
f 108/112/187 109/113/187 2/160/187
f 109/113/188 153/161/188 2/160/188
f 109/113/189 110/114/189 153/161/189
f 110/114/190 154/162/190 153/161/190
f 110/114/191 111/115/191 154/162/191
f 111/115/192 155/163/192 154/162/192
f 111/115/193 112/116/193 155/163/193
f 112/116/194 156/164/194 155/163/194
f 112/116/195 113/117/195 156/164/195
f 113/117/196 157/165/196 156/164/196
f 113/117/197 114/118/197 157/165/197
f 114/118/198 158/166/198 157/165/198
f 114/118/199 64/68/199 158/166/199
f 64/68/200 159/167/200 158/166/200
f 64/68/201 65/69/201 159/167/201
f 65/69/202 160/168/202 159/167/202
f 65/69/203 66/70/203 160/168/203
f 66/70/204 161/169/204 160/168/204
f 66/70/205 67/71/205 161/169/205
f 67/71/206 162/170/206 161/169/206
f 67/71/207 68/72/207 162/170/207
f 68/72/208 163/171/208 162/170/208
f 68/72/209 69/73/209 163/171/209
f 69/73/210 164/172/210 163/171/210
f 69/73/211 70/74/211 164/172/211
f 70/74/212 165/173/212 164/172/212
f 70/74/213 12/146/213 165/173/213
f 153/161/6 5/16/6 2/160/6
f 5/16/6 165/173/6 12/146/6
f 165/173/6 5/16/6 164/172/6
f 5/16/6 163/171/6 164/172/6
f 5/16/6 162/170/6 163/171/6
f 162/170/6 5/16/6 161/169/6
f 5/16/6 160/168/6 161/169/6
f 5/16/6 159/167/6 160/168/6
f 159/167/6 5/16/6 158/166/6
f 5/16/6 157/165/6 158/166/6
f 5/16/6 156/164/6 157/165/6
f 156/164/6 5/16/6 155/163/6
f 5/16/6 154/162/6 155/163/6
f 5/16/6 153/161/6 154/162/6
f 2/160/6 1/14/6 152/159/6
f 1/14/6 126/131/6 152/159/6
f 1/14/6 125/130/6 126/131/6
f 125/130/6 1/14/6 124/129/6
f 1/14/6 123/128/6 124/129/6
f 1/14/6 122/127/6 123/128/6
f 7/119/6 115/120/6 1/14/6
f 115/120/6 116/121/6 1/14/6
f 122/127/6 1/14/6 121/126/6
f 1/14/6 120/125/6 121/126/6
f 1/14/6 119/124/6 120/125/6
f 119/124/6 1/14/6 118/123/6
f 1/14/6 117/122/6 118/123/6
f 1/14/6 116/121/6 117/122/6
f 138/144/6 139/145/6 6/13/6
f 139/145/6 7/119/6 6/13/6
f 138/144/6 6/13/6 137/143/6
f 6/13/6 136/142/6 137/143/6
f 6/13/6 135/141/6 136/142/6
f 135/141/6 6/13/6 134/140/6
f 6/13/6 133/139/6 134/140/6
f 6/13/6 132/138/6 133/139/6
f 132/138/6 6/13/6 131/137/6
f 6/13/6 130/136/6 131/137/6
f 6/13/6 129/135/6 130/136/6
f 129/135/6 6/13/6 128/134/6
f 6/13/6 127/133/6 128/134/6
f 6/13/6 10/132/6 127/133/6
f 9/15/6 151/158/6 10/132/6
f 151/158/6 9/15/6 150/157/6
f 9/15/6 149/156/6 150/157/6
f 9/15/6 148/155/6 149/156/6
f 148/155/6 9/15/6 147/154/6
f 9/15/6 146/153/6 147/154/6
f 9/15/6 145/152/6 146/153/6
f 145/152/6 9/15/6 144/151/6
f 9/15/6 143/150/6 144/151/6
f 9/15/6 142/149/6 143/150/6
f 142/149/6 9/15/6 141/148/6
f 9/15/6 140/147/6 141/148/6
f 9/15/6 12/146/6 140/147/6
o sandbox_mesh_002
usemtl building_facade
s 0
f 166/174/214 167/175/214 168/176/214
f 169/177/215 166/178/215 168/179/215
f 167/175/214 170/180/214 168/176/214
f 171/181/215 169/177/215 168/179/215
f 172/182/216 173/183/216 171/176/216
f 173/183/216 169/174/216 171/176/216
f 174/178/217 173/177/217 172/181/217
f 175/184/214 176/185/214 174/183/214
f 177/179/217 174/178/217 172/181/217
f 177/182/214 175/184/214 174/183/214
f 176/178/217 175/179/217 178/186/217
f 175/179/217 179/187/217 180/188/217
f 175/179/217 180/188/217 178/186/217
f 178/185/218 180/189/218 181/190/218
f 180/189/218 182/191/218 181/190/218
f 180/189/218 183/192/218 182/191/218
f 179/187/217 184/193/217 180/188/217
f 185/180/216 186/194/216 184/189/216
f 179/184/216 185/180/216 184/189/216
f 170/179/215 187/188/215 186/193/215
f 185/187/215 170/179/215 186/193/215
f 183/192/219 187/194/219 188/195/219
f 187/194/219 189/196/219 188/195/219
f 187/194/219 190/175/219 189/196/219
f 170/179/215 190/186/215 187/188/215
f 190/175/219 191/197/219 189/196/219
f 189/198/220 191/199/220 192/200/220
f 193/195/219 194/201/219 195/202/219
f 196/203/218 193/195/218 197/204/218
f 197/204/219 193/195/219 195/202/219
f 195/205/220 194/206/220 198/207/220
f 194/206/220 199/200/220 198/207/220
f 198/207/221 199/200/221 200/208/221
f 201/201/222 202/195/222 203/204/222
f 203/204/223 202/195/223 204/209/223
f 200/202/222 201/201/222 203/204/222
f 205/207/224 206/200/224 207/205/224
f 206/200/224 196/206/224 207/205/224
f 207/209/218 196/203/218 197/204/218
f 208/210/225 206/200/225 205/207/225
f 202/195/223 208/203/223 204/209/223
f 204/208/225 208/210/225 205/207/225
f 209/211/225 210/212/225 211/200/225
f 212/195/223 213/213/223 209/191/223
f 213/213/223 210/190/223 209/191/223
f 214/197/222 213/213/222 212/195/222
f 215/214/214 216/215/214 217/216/214
f 218/217/217 215/218/217 219/219/217
f 219/220/214 215/214/214 217/216/214
f 217/219/215 216/218/215 220/221/215
f 220/222/226 221/223/226 217/224/226
f 221/223/226 219/225/226 217/224/226
f 222/215/216 218/214/216 221/220/216
f 221/221/217 218/217/217 219/219/217
f 220/216/216 222/215/216 221/220/216
f 216/218/215 222/217/215 220/221/215
f 223/226/224 181/199/224 182/198/224
f 210/212/225 223/226/225 211/200/225
f 211/200/224 223/226/224 182/198/224
f 224/226/221 214/212/221 225/211/221
f 225/196/222 214/197/222 212/195/222
f 192/200/221 224/226/221 225/211/221
f 191/199/220 224/226/220 192/200/220
f 199/200/221 201/210/221 200/208/221
f 183/192/218 188/195/218 182/191/218
f 190/186/215 170/179/215 167/178/215
usemtl building_roof
s 0
f 190/227/227 166/228/227 191/229/227
f 166/228/227 190/227/227 167/230/227
f 166/228/227 222/222/227 191/229/227
f 166/228/227 169/231/227 222/222/227
f 170/230/227 185/232/227 168/228/227
f 185/232/227 171/231/227 168/228/227
f 185/232/227 179/233/227 171/231/227
f 179/233/227 172/234/227 171/231/227
f 169/231/227 173/234/227 218/223/227
f 173/234/227 181/235/227 218/223/227
f 173/234/227 174/236/227 181/235/227
f 174/236/227 176/237/227 181/235/227
f 175/237/227 177/236/227 172/234/227
f 179/233/227 175/237/227 172/234/227
f 183/238/227 180/239/227 184/233/227
f 183/238/227 184/233/227 186/232/227
f 187/227/227 183/238/227 186/232/227
f 193/240/227 188/238/227 189/229/227
f 194/241/227 193/240/227 189/229/227
f 194/241/227 189/229/227 192/242/227
f 193/240/227 196/243/227 188/238/227
f 197/240/227 195/241/227 198/244/227
f 203/245/227 198/244/227 200/246/227
f 197/240/227 198/244/227 203/245/227
f 207/243/227 203/245/227 204/247/227
f 207/243/227 197/240/227 203/245/227
f 205/248/227 207/243/227 204/247/227
f 196/243/227 206/248/227 182/235/227
f 206/248/227 211/249/227 182/235/227
f 206/248/227 208/247/227 211/249/227
f 208/247/227 209/250/227 211/249/227
f 208/247/227 202/245/227 209/250/227
f 202/245/227 212/251/227 209/250/227
f 216/224/227 215/225/227 213/251/227
f 216/224/227 213/251/227 214/252/227
f 210/250/227 213/251/227 215/225/227
f 223/249/227 210/250/227 215/225/227
f 223/249/227 215/225/227 218/223/227
f 181/235/227 223/249/227 218/223/227
f 224/242/227 216/224/227 214/252/227
f 201/246/227 199/244/227 225/252/227
f 201/246/227 225/252/227 212/251/227
f 199/244/227 192/242/227 225/252/227
f 216/224/227 224/242/227 222/222/227
f 224/242/227 191/229/227 222/222/227
f 202/245/227 201/246/227 212/251/227
f 199/244/227 194/241/227 192/242/227
f 196/243/227 182/235/227 188/238/227
f 181/235/227 176/237/227 178/239/227
f 169/231/227 218/223/227 222/222/227
o sandbox_mesh_003
usemtl building_facade
s 0
f 226/253/228 227/254/228 228/255/228
f 227/256/229 229/257/229 230/258/229
f 227/254/230 231/253/230 232/259/230
f 233/260/229 227/256/229 234/261/229
f 227/256/229 230/258/229 234/261/229
f 228/255/230 227/254/230 232/259/230
f 232/259/231 231/253/231 235/262/231
f 236/263/232 226/253/232 237/259/232
f 237/259/228 226/253/228 228/255/228
f 235/262/232 236/263/232 237/259/232
f 231/253/231 236/263/231 235/262/231
f 236/256/233 238/260/233 239/261/233
f 240/257/233 236/256/233 241/258/233
f 236/256/233 239/261/233 241/258/233
f 242/264/234 234/265/234 239/266/234
f 243/267/235 239/266/235 238/263/235
f 243/267/235 242/264/235 239/266/235
f 242/264/235 244/268/235 234/265/235
f 244/269/233 242/270/233 245/271/233
f 246/271/229 243/270/229 247/272/229
f 246/267/235 247/273/235 248/268/235
f 245/264/235 246/267/235 248/268/235
f 247/274/236 249/275/236 248/276/236
f 249/275/236 244/277/236 248/276/236
f 248/272/233 244/269/233 245/271/233
f 244/268/237 249/273/237 231/253/237
f 249/273/235 238/263/235 231/253/235
f 249/273/235 243/267/235 238/263/235
f 243/270/229 249/269/229 247/272/229
f 234/265/235 244/268/235 233/254/235
f 244/268/235 231/253/235 233/254/235
f 250/278/233 251/279/233 252/280/233
f 251/281/235 253/282/235 254/283/235
f 252/284/235 251/281/235 254/283/235
f 254/280/229 253/279/229 255/285/229
f 254/286/236 255/287/236 256/288/236
f 252/289/236 254/286/236 256/288/236
f 257/282/238 250/281/238 256/284/238
f 256/285/233 250/278/233 252/280/233
f 255/283/238 257/282/238 256/284/238
f 253/279/229 257/278/229 255/285/229
f 226/253/238 241/266/238 230/265/238
f 226/253/238 240/263/238 241/266/238
f 229/254/238 226/253/238 230/265/238
usemtl building_roof
s 0
f 227/290/239 226/291/239 229/292/239
f 231/293/239 227/290/239 233/294/239
f 235/295/239 237/291/239 232/293/239
f 237/291/239 228/290/239 232/293/239
f 236/295/239 231/293/239 238/296/239
f 226/291/239 236/295/239 240/297/239
f 241/297/239 239/296/239 250/288/239
f 239/296/239 251/289/239 250/288/239
f 239/296/239 234/294/239 251/289/239
f 242/277/239 243/275/239 246/274/239
f 245/276/239 242/277/239 246/274/239
f 234/294/239 253/286/239 251/289/239
f 230/292/239 241/297/239 257/287/239
f 230/292/239 257/287/239 253/286/239
f 241/297/239 250/288/239 257/287/239
f 234/294/239 230/292/239 253/286/239
o sandbox_mesh_004
usemtl building_facade
s 0
f 258/298/240 259/299/240 260/300/240
f 261/301/241 258/302/241 262/303/241
f 258/302/241 260/304/241 262/303/241
f 261/305/242 262/306/242 263/307/242
f 264/308/243 263/309/243 265/310/243
f 264/311/242 261/305/242 263/307/242
f 259/299/240 265/312/240 260/300/240
f 259/313/243 264/308/243 265/310/243
f 266/314/243 267/315/243 268/316/243
f 266/317/242 268/318/242 269/319/242
f 267/315/243 270/320/243 268/316/243
f 268/318/242 271/321/242 269/319/242
f 272/322/243 273/323/243 274/324/243
f 275/325/242 272/326/242 276/327/242
f 276/328/243 272/322/243 274/324/243
f 274/329/240 273/330/240 277/331/240
f 277/332/244 278/333/244 274/334/244
f 278/333/244 276/335/244 274/334/244
f 279/336/241 275/337/241 278/338/241
f 278/339/242 275/325/242 276/327/242
f 277/340/241 279/336/241 278/338/241
f 273/330/240 279/341/240 277/331/240
f 280/342/241 281/343/241 282/344/241
f 280/345/240 283/346/240 284/347/240
f 283/348/241 280/342/241 282/344/241
f 282/349/240 281/350/240 285/351/240
f 283/348/241 282/344/241 269/352/241
f 286/353/241 287/354/241 288/355/241
f 287/356/240 289/357/240 290/358/240
f 287/354/241 290/359/241 288/355/241
f 286/360/242 288/361/242 291/362/242
f 292/363/243 291/364/243 293/365/243
f 292/366/242 286/360/242 291/362/242
f 289/357/240 293/367/240 290/358/240
f 289/368/243 292/363/243 293/365/243
f 294/369/240 295/370/240 296/371/240
f 297/372/241 294/373/241 298/374/241
f 294/373/241 296/375/241 298/374/241
f 297/376/242 298/377/242 299/378/242
f 267/379/242 297/376/242 299/378/242
f 267/379/245 299/378/245 300/380/245
f 301/381/243 300/382/243 299/383/243
f 302/384/243 301/381/243 299/383/243
f 295/370/240 301/385/240 302/386/240
f 295/370/240 302/386/240 296/371/240
f 303/387/243 295/388/243 285/389/243
f 301/385/246 295/370/246 303/390/246
f 304/391/243 303/387/243 285/389/243
f 281/350/240 304/392/240 285/351/240
f 305/393/241 283/348/241 269/352/241
f 283/346/240 306/394/240 284/347/240
f 307/395/241 284/396/241 306/397/241
f 308/398/241 307/395/241 306/397/241
f 305/399/242 309/400/242 308/401/242
f 309/400/242 307/402/242 308/401/242
f 309/403/241 305/393/241 271/404/241
f 305/393/241 269/352/241 271/404/241
f 270/405/242 267/379/242 300/380/242
usemtl building_roof
s 0
f 269/406/247 258/407/247 261/408/247
f 258/407/247 269/406/247 286/409/247
f 297/410/247 258/407/247 286/409/247
f 297/410/247 267/411/247 258/407/247
f 267/411/247 259/412/247 258/407/247
f 263/413/247 262/408/247 260/407/247
f 265/412/247 263/413/247 260/407/247
f 266/414/247 269/406/247 264/413/247
f 266/414/247 264/413/247 259/412/247
f 269/406/247 261/408/247 264/413/247
f 267/411/247 266/414/247 259/412/247
f 268/414/247 300/415/247 272/335/247
f 300/415/247 268/414/247 270/411/247
f 271/406/247 268/414/247 275/333/247
f 268/414/247 272/335/247 275/333/247
f 300/415/247 301/416/247 272/335/247
f 272/335/247 301/416/247 273/334/247
f 280/417/247 284/418/247 279/332/247
f 284/418/247 307/419/247 279/332/247
f 307/419/247 275/333/247 279/332/247
f 281/420/247 280/417/247 279/332/247
f 281/420/247 279/332/247 273/334/247
f 282/420/247 289/421/247 287/422/247
f 289/421/247 282/420/247 285/423/247
f 269/406/247 282/420/247 286/409/247
f 282/420/247 287/422/247 286/409/247
f 291/424/247 288/409/247 290/422/247
f 293/421/247 291/424/247 290/422/247
f 295/425/247 294/426/247 292/424/247
f 295/425/247 292/424/247 289/421/247
f 294/426/247 286/409/247 292/424/247
f 294/426/247 297/410/247 286/409/247
f 299/415/247 298/410/247 296/426/247
f 302/416/247 299/415/247 296/426/247
f 285/423/247 295/425/247 289/421/247
f 303/425/247 304/423/247 301/416/247
f 304/423/247 273/334/247 301/416/247
f 304/423/247 281/420/247 273/334/247
f 283/417/247 305/427/247 306/418/247
f 305/427/247 308/419/247 306/418/247
f 309/427/247 271/406/247 307/419/247
f 271/406/247 275/333/247 307/419/247
o sandbox_mesh_005
usemtl building_facade
s 0
f 310/428/248 311/429/248 312/430/248
f 313/431/249 314/432/249 312/433/249
f 311/429/248 315/434/248 312/430/248
f 315/435/249 313/431/249 312/433/249
f 316/432/250 317/431/250 311/435/250
f 310/433/250 316/432/250 311/435/250
f 316/428/248 318/436/248 319/437/248
f 317/429/248 316/428/248 320/438/248
f 316/428/248 319/437/248 320/438/248
f 321/439/250 320/431/250 319/440/250
f 318/436/248 322/441/248 319/437/248
f 323/442/250 321/439/250 319/440/250
f 321/438/251 324/428/251 325/429/251
f 324/428/251 321/438/251 323/437/251
f 326/436/251 324/428/251 327/441/251
f 325/439/250 324/443/250 328/444/250
f 324/428/251 323/437/251 327/441/251
f 326/443/249 327/442/249 322/440/249
f 329/430/251 330/434/251 328/428/251
f 330/434/251 331/429/251 328/428/251
f 331/445/250 325/439/250 328/444/250
f 332/443/249 333/439/249 330/445/249
f 329/444/249 332/443/249 330/445/249
f 332/430/251 334/446/251 335/447/251
f 333/434/251 332/430/251 336/448/251
f 332/430/251 335/447/251 336/448/251
f 337/431/249 336/439/249 335/442/249
f 334/446/251 338/449/251 335/447/251
f 339/440/249 337/431/249 335/442/249
f 337/448/248 314/430/248 313/434/248
f 314/430/248 337/448/248 339/447/248
f 314/430/248 339/447/248 340/449/248
f 341/446/248 314/430/248 340/449/248
f 341/432/250 340/440/250 338/442/250
f 334/443/250 341/432/250 338/442/250
f 342/450/251 343/451/251 344/452/251
f 345/453/249 342/454/249 346/455/249
f 342/454/249 344/456/249 346/455/249
f 343/451/251 347/457/251 344/452/251
f 343/454/250 348/453/250 347/456/250
f 348/453/250 349/455/250 347/456/250
f 348/451/248 345/450/248 349/457/248
f 345/450/248 346/452/248 349/457/248
f 350/458/249 351/459/249 352/460/249
f 353/461/248 350/462/248 354/463/248
f 354/464/249 350/458/249 352/460/249
f 352/463/251 351/462/251 355/465/251
f 351/462/251 356/461/251 355/465/251
f 355/460/250 356/459/250 357/464/250
f 356/459/250 353/458/250 357/464/250
f 357/465/248 353/461/248 354/463/248
f 358/466/251 359/467/251 360/468/251
f 359/469/249 361/470/249 362/471/249
f 360/472/249 359/469/249 362/471/249
f 360/473/252 362/474/252 363/475/252
f 362/468/248 361/467/248 363/476/248
f 361/467/248 364/466/248 363/476/248
f 363/471/250 364/470/250 365/472/250
f 365/477/252 360/473/252 363/475/252
f 364/470/250 358/469/250 365/472/250
f 365/476/251 358/466/251 360/468/251
f 318/432/249 326/443/249 322/440/249
usemtl building_roof
s 0
f 341/478/253 318/479/253 312/480/253
f 312/480/253 318/479/253 310/481/253
f 314/482/253 341/478/253 312/480/253
f 364/475/253 311/481/253 320/483/253
f 320/483/253 311/481/253 317/484/253
f 364/475/253 361/474/253 311/481/253
f 361/474/253 315/480/253 311/481/253
f 318/479/253 316/484/253 310/481/253
f 319/483/253 322/479/253 323/485/253
f 358/477/253 321/485/253 331/486/253
f 331/486/253 321/485/253 325/487/253
f 358/477/253 364/475/253 321/485/253
f 321/485/253 364/475/253 320/483/253
f 324/487/253 326/488/253 328/486/253
f 322/479/253 327/488/253 323/485/253
f 326/488/253 329/489/253 328/486/253
f 359/473/253 330/489/253 336/490/253
f 336/490/253 330/489/253 333/491/253
f 350/492/253 353/493/253 330/489/253
f 330/489/253 353/493/253 331/486/253
f 359/473/253 350/492/253 330/489/253
f 334/494/253 332/491/253 329/489/253
f 339/495/253 335/490/253 338/494/253
f 313/482/253 361/474/253 337/495/253
f 361/474/253 336/490/253 337/495/253
f 340/478/253 339/495/253 338/494/253
f 343/496/253 334/494/253 326/488/253
f 326/488/253 334/494/253 329/489/253
f 343/496/253 342/497/253 334/494/253
f 342/497/253 341/478/253 334/494/253
f 342/497/253 345/498/253 341/478/253
f 346/498/253 344/497/253 347/496/253
f 349/499/253 346/498/253 347/496/253
f 343/496/253 318/479/253 348/499/253
f 345/498/253 348/499/253 318/479/253
f 341/478/253 345/498/253 318/479/253
f 318/479/253 343/496/253 326/488/253
f 350/492/253 359/473/253 351/500/253
f 354/492/253 352/500/253 355/501/253
f 357/493/253 354/492/253 355/501/253
f 358/477/253 353/493/253 356/501/253
f 358/477/253 356/501/253 351/500/253
f 359/473/253 358/477/253 351/500/253
f 361/474/253 359/473/253 336/490/253
f 353/493/253 358/477/253 331/486/253
f 361/474/253 313/482/253 315/480/253
o sandbox_mesh_006
usemtl building_facade
s 0
f 366/502/254 367/503/254 368/504/254
f 367/505/255 369/506/255 370/507/255
f 367/503/254 370/508/254 368/504/254
f 366/505/256 368/507/256 371/509/256
f 372/502/257 371/504/257 373/508/257
f 372/506/256 366/505/256 371/509/256
f 369/503/257 372/502/257 373/508/257
f 369/506/255 373/509/255 370/507/255
f 374/510/256 375/511/256 376/512/256
f 376/513/257 377/514/257 378/515/257
f 379/516/257 376/513/257 378/515/257
f 376/513/257 379/516/257 380/517/257
f 380/518/256 374/510/256 376/512/256
f 374/510/256 381/519/256 375/511/256
f 381/520/254 374/517/254 382/521/254
f 374/517/254 383/522/254 382/521/254
f 384/523/256 382/519/256 383/510/256
f 385/524/256 384/523/256 383/510/256
f 386/525/257 384/521/257 385/522/257
f 387/526/255 386/523/255 388/524/255
f 388/516/257 386/525/257 385/522/257
f 379/518/255 387/526/255 388/524/255
f 387/525/257 379/516/257 389/527/257
f 389/526/256 378/518/256 390/523/256
f 379/516/257 378/515/257 389/527/257
f 391/528/257 390/527/257 392/515/257
f 378/518/256 392/524/256 390/523/256
f 393/529/257 391/528/257 392/515/257
f 394/510/255 395/519/255 393/524/255
f 395/519/255 391/523/255 393/524/255
f 396/530/254 395/528/254 394/529/254
f 396/519/255 397/510/255 398/531/255
f 399/520/254 398/530/254 400/514/254
f 397/510/255 400/511/255 398/531/255
f 397/532/254 396/530/254 394/529/254
f 397/510/255 401/518/255 400/511/255
f 381/519/256 399/531/256 375/511/256
f 375/513/254 399/520/254 400/514/254
f 402/533/256 403/534/256 404/535/256
f 405/536/254 402/537/254 406/538/254
f 406/539/256 402/533/256 404/535/256
f 404/538/257 403/537/257 407/540/257
f 404/541/258 407/542/258 406/543/258
f 403/537/257 408/536/257 407/540/257
f 407/535/255 408/534/255 409/539/255
f 407/542/258 409/544/258 406/543/258
f 408/534/255 405/533/255 409/539/255
f 409/540/254 405/536/254 406/538/254
f 378/515/257 377/514/257 401/532/257
f 401/518/255 377/512/255 400/511/255
f 410/545/257 411/546/257 412/547/257
f 413/548/255 410/549/255 414/550/255
f 414/551/257 410/545/257 412/547/257
f 412/550/256 411/549/256 415/552/256
f 416/546/254 413/545/254 417/551/254
f 417/552/255 413/548/255 414/550/255
f 415/547/254 416/546/254 417/551/254
f 411/549/256 416/548/256 415/552/256
usemtl building_roof
s 0
f 367/553/259 366/554/259 400/555/259
f 367/553/259 400/555/259 377/556/259
f 369/557/259 367/553/259 377/556/259
f 368/554/259 370/553/259 371/558/259
f 370/553/259 373/557/259 371/558/259
f 366/554/259 372/558/259 375/559/259
f 372/558/259 376/560/259 375/559/259
f 372/558/259 369/557/259 376/560/259
f 369/557/259 377/556/259 376/560/259
f 374/561/259 380/560/259 383/562/259
f 380/560/259 385/563/259 383/562/259
f 403/541/259 382/562/259 384/563/259
f 403/541/259 384/563/259 386/564/259
f 416/565/259 386/564/259 387/566/259
f 386/564/259 416/565/259 411/567/259
f 411/567/259 403/541/259 386/564/259
f 379/566/259 388/564/259 385/563/259
f 416/565/259 387/566/259 389/568/259
f 413/569/259 416/565/259 389/568/259
f 413/569/259 389/568/259 390/570/259
f 410/571/259 390/570/259 408/542/259
f 408/542/259 390/570/259 391/572/259
f 410/571/259 413/569/259 390/570/259
f 378/568/259 401/556/259 392/570/259
f 401/556/259 393/572/259 392/570/259
f 401/556/259 394/573/259 393/572/259
f 398/555/259 405/544/259 395/573/259
f 405/544/259 408/542/259 395/573/259
f 408/542/259 391/572/259 395/573/259
f 396/574/259 398/555/259 395/573/259
f 398/555/259 399/559/259 405/544/259
f 394/573/259 401/556/259 397/574/259
f 399/559/259 402/543/259 405/544/259
f 399/559/259 381/561/259 402/543/259
f 381/561/259 382/562/259 402/543/259
f 382/562/259 403/541/259 402/543/259
f 403/541/259 410/571/259 408/542/259
f 410/571/259 403/541/259 411/567/259
f 415/565/259 417/569/259 412/567/259
f 417/569/259 414/571/259 412/567/259
f 380/560/259 379/566/259 385/563/259
f 366/554/259 375/559/259 400/555/259
o sandbox_mesh_007
usemtl sandbox_walls
s 0
f 418/575/260 419/576/260 420/577/260
f 420/578/261 421/579/261 418/580/261
f 422/581/260 419/576/260 418/575/260
f 423/582/260 422/581/260 418/575/260
f 423/582/260 418/575/260 424/583/260
f 418/584/262 425/585/262 424/586/262
f 421/579/261 425/587/261 418/580/261
f 425/585/262 426/588/262 424/586/262
f 426/583/263 425/575/263 427/589/263
f 425/575/263 428/590/263 427/589/263
f 425/575/263 421/577/263 428/590/263
f 429/591/264 430/592/264 428/593/264
f 429/591/264 428/593/264 431/594/264
f 421/577/263 431/595/263 428/590/263
f 430/592/264 432/589/264 428/593/264
f 422/596/265 428/597/265 432/598/265
f 423/599/265 427/600/265 428/597/265
f 422/596/265 423/599/265 428/597/265
f 433/601/264 434/602/264 432/589/264
f 432/590/260 434/595/260 435/589/260
f 436/603/265 432/598/265 435/604/265
f 430/592/264 433/601/264 432/589/264
f 436/603/265 422/596/265 432/598/265
f 436/581/263 437/582/263 438/605/263
f 437/606/265 436/603/265 435/604/265
f 422/607/261 436/582/261 439/592/261
f 436/582/261 440/605/261 439/592/261
f 440/576/263 436/581/263 438/605/263
f 438/605/264 437/582/264 441/578/264
f 439/592/261 440/605/261 442/601/261
f 442/576/263 433/608/263 439/609/263
f 422/607/261 443/610/261 419/578/261
f 429/611/260 444/608/260 443/576/260
f 443/610/261 422/607/261 445/591/261
f 445/609/260 429/611/260 443/576/260
f 422/607/261 439/592/261 445/591/261
f 439/612/262 430/613/262 445/614/262
f 430/613/262 429/615/262 445/614/262
f 433/601/264 444/610/264 434/602/264
f 444/610/261 433/601/261 446/616/261
f 444/610/264 431/594/264 434/602/264
f 444/610/264 429/591/264 431/594/264
f 444/608/260 447/590/260 448/617/260
f 447/618/261 444/610/261 449/619/261
f 444/610/261 446/616/261 449/619/261
f 450/618/261 451/620/261 452/601/261
f 452/617/263 451/621/263 433/608/263
f 448/610/261 450/618/261 452/601/261
f 451/622/265 450/623/265 453/624/265
f 450/623/265 454/625/265 453/624/265
f 450/623/265 447/615/265 454/625/265
f 447/590/260 450/621/260 448/617/260
f 446/595/263 455/626/263 454/627/263
f 454/619/264 455/616/264 453/628/264
f 447/615/265 449/629/265 454/625/265
f 449/590/263 446/595/263 454/627/263
f 455/616/264 456/630/264 453/628/264
f 455/625/262 446/629/262 456/624/262
f 453/627/260 456/626/260 457/590/260
f 456/626/260 458/595/260 457/590/260
f 446/629/262 458/631/262 456/624/262
f 433/601/261 459/620/261 458/630/261
f 433/601/261 458/630/261 446/616/261
f 459/620/261 457/628/261 458/630/261
f 451/621/263 459/590/263 433/608/263
f 459/613/265 451/622/265 457/631/265
f 451/622/265 453/624/265 457/631/265
f 423/582/260 460/632/260 441/605/260
f 437/582/264 423/607/264 441/578/264
f 433/608/263 430/611/263 439/609/263
f 437/606/265 435/604/265 427/600/265
f 423/599/265 437/606/265 427/600/265
f 434/595/260 461/602/260 435/589/260
f 435/589/261 461/602/261 427/593/261
f 461/604/262 434/598/262 431/597/262
f 461/602/261 462/594/261 427/593/261
f 462/600/262 461/604/262 431/597/262
f 421/577/263 462/602/263 431/595/263
f 462/602/263 421/577/263 463/632/263
f 463/632/263 426/583/263 462/602/263
f 426/583/263 427/589/263 462/602/263
f 426/587/264 463/579/264 460/578/264
f 424/580/264 426/587/264 460/578/264
f 460/632/260 423/582/260 424/583/260
f 463/632/260 421/577/260 464/633/260
f 463/579/264 465/593/264 466/634/264
f 465/635/260 463/632/260 467/636/260
f 463/632/260 464/633/260 467/636/260
f 468/635/260 469/637/260 470/577/260
f 470/634/261 469/638/261 421/579/261
f 466/632/260 468/635/260 470/577/260
f 469/639/265 468/640/265 471/641/265
f 468/640/265 472/642/265 471/641/265
f 468/640/265 465/588/265 472/642/265
f 465/593/264 468/638/264 466/634/264
f 464/594/261 473/643/261 472/644/261
f 472/636/263 473/633/263 471/645/263
f 465/588/265 467/646/265 472/642/265
f 467/593/261 464/594/261 472/644/261
f 473/633/263 474/647/263 471/645/263
f 473/642/262 464/646/262 474/641/262
f 471/644/264 474/643/264 475/593/264
f 474/643/264 476/594/264 475/593/264
f 464/646/262 476/648/262 474/641/262
f 421/577/260 477/637/260 476/647/260
f 421/577/260 476/647/260 464/633/260
f 477/637/260 475/645/260 476/647/260
f 469/638/261 477/593/261 421/579/261
f 477/585/265 469/639/265 475/648/265
f 469/639/265 471/641/265 475/648/265
o sandbox_mesh_008
usemtl tree_canopy_green
s 0
f 478/649/266 479/649/266 480/650/266
f 479/649/266 481/650/266 480/650/266
f 482/651/267 483/651/267 478/649/267
f 483/651/267 479/649/267 478/649/267
f 484/652/268 485/652/268 482/651/268
f 485/652/268 483/651/268 482/651/268
f 486/653/269 487/653/269 484/652/269
f 487/653/269 485/652/269 484/652/269
f 488/654/270 489/654/270 486/653/270
f 489/654/270 487/653/270 486/653/270
f 490/655/271 491/655/271 488/654/271
f 491/655/271 489/654/271 488/654/271
f 492/656/272 493/656/272 490/655/272
f 493/656/272 491/655/272 490/655/272
f 494/657/273 495/657/273 492/656/273
f 495/657/273 493/656/273 492/656/273
f 496/658/274 497/658/274 494/657/274
f 497/658/274 495/657/274 494/657/274
f 498/659/275 499/659/275 496/658/275
f 499/659/275 497/658/275 496/658/275
f 500/660/276 501/660/276 498/659/276
f 501/660/276 499/659/276 498/659/276
f 502/661/277 503/661/277 500/660/277
f 503/661/277 501/660/277 500/660/277
f 504/662/278 505/662/278 502/661/278
f 505/662/278 503/661/278 502/661/278
f 506/663/279 507/663/279 504/662/279
f 507/663/279 505/662/279 504/662/279
f 508/664/280 509/664/280 506/663/280
f 509/664/280 507/663/280 506/663/280
f 510/665/281 511/665/281 508/664/281
f 511/665/281 509/664/281 508/664/281
f 512/666/282 513/666/282 510/665/282
f 513/666/282 511/665/282 510/665/282
f 480/650/283 481/650/283 512/666/283
f 481/650/283 513/666/283 512/666/283
f 510/665/284 484/652/284 512/666/284
f 484/652/284 480/650/284 512/666/284
f 484/652/284 482/651/284 480/650/284
f 482/651/284 478/649/284 480/650/284
f 510/665/284 508/664/284 484/652/284
f 508/664/284 486/653/284 484/652/284
f 508/664/284 506/663/284 486/653/284
f 506/663/284 488/654/284 486/653/284
f 506/663/284 490/655/284 488/654/284
f 492/656/284 490/655/284 494/657/284
f 490/655/284 496/658/284 494/657/284
f 490/655/284 498/659/284 496/658/284
f 504/662/284 502/661/284 506/663/284
f 502/661/284 490/655/284 506/663/284
f 502/661/284 500/660/284 490/655/284
f 500/660/284 498/659/284 490/655/284
f 487/653/285 513/666/285 485/652/285
f 513/666/285 483/651/285 485/652/285
f 513/666/285 481/650/285 483/651/285
f 481/650/285 479/649/285 483/651/285
f 487/653/285 489/654/285 513/666/285
f 489/654/285 511/665/285 513/666/285
f 489/654/285 491/655/285 511/665/285
f 491/655/285 509/664/285 511/665/285
f 491/655/285 507/663/285 509/664/285
f 505/662/285 507/663/285 503/661/285
f 507/663/285 501/660/285 503/661/285
f 507/663/285 499/659/285 501/660/285
f 493/656/285 495/657/285 491/655/285
f 495/657/285 507/663/285 491/655/285
f 495/657/285 497/658/285 507/663/285
f 497/658/285 499/659/285 507/663/285
o sandbox_mesh_009
usemtl tree_trunk_green
s 0
f 514/667/286 515/667/286 516/668/286
f 515/667/287 514/667/287 517/669/287
f 518/670/288 515/667/288 517/669/288
f 519/671/288 520/672/288 515/667/288
f 515/667/288 520/672/288 521/668/288
f 515/667/286 521/668/286 516/668/286
f 518/670/288 519/671/288 515/667/288
f 522/672/287 516/668/287 520/672/287
f 522/672/289 514/667/289 516/668/289
f 516/668/287 521/668/287 520/672/287
f 514/667/289 522/672/289 523/670/289
f 522/672/289 524/671/289 523/670/289
f 519/671/290 524/671/290 522/672/290
f 520/672/290 519/671/290 522/672/290
f 523/670/289 524/671/289 525/673/289
f 526/673/291 525/673/291 524/671/291
f 519/671/291 526/673/291 524/671/291
f 519/671/288 518/670/288 526/673/288
f 526/673/286 518/670/286 525/673/286
f 518/670/286 523/670/286 525/673/286
f 514/667/289 523/670/289 527/674/289
f 527/674/291 523/670/291 518/670/291
f 528/669/286 527/674/286 529/674/286
f 529/674/291 527/674/291 518/670/291
f 528/669/289 514/667/289 527/674/289
f 514/667/287 528/669/287 517/669/287
f 517/669/286 528/669/286 529/674/286
f 529/674/288 518/670/288 517/669/288
o sandbox_mesh_010
usemtl tree_canopy_green
s 0
f 530/675/292 531/675/292 532/676/292
f 531/675/292 533/676/292 532/676/292
f 534/677/293 535/677/293 530/675/293
f 535/677/293 531/675/293 530/675/293
f 536/678/294 537/678/294 534/677/294
f 537/678/294 535/677/294 534/677/294
f 538/679/295 539/679/295 536/678/295
f 539/679/295 537/678/295 536/678/295
f 540/680/296 541/680/296 538/679/296
f 541/680/296 539/679/296 538/679/296
f 542/681/297 543/681/297 540/680/297
f 543/681/297 541/680/297 540/680/297
f 544/682/298 545/682/298 542/681/298
f 545/682/298 543/681/298 542/681/298
f 546/683/299 547/683/299 544/682/299
f 547/683/299 545/682/299 544/682/299
f 548/684/300 549/684/300 546/683/300
f 549/684/300 547/683/300 546/683/300
f 550/685/301 551/685/301 548/684/301
f 551/685/301 549/684/301 548/684/301
f 552/686/302 553/686/302 550/685/302
f 553/686/302 551/685/302 550/685/302
f 554/687/303 555/687/303 552/686/303
f 555/687/303 553/686/303 552/686/303
f 556/688/304 557/688/304 554/687/304
f 557/688/304 555/687/304 554/687/304
f 558/689/305 559/689/305 556/688/305
f 559/689/305 557/688/305 556/688/305
f 560/690/306 561/690/306 558/689/306
f 561/690/306 559/689/306 558/689/306
f 562/691/307 563/691/307 560/690/307
f 563/691/307 561/690/307 560/690/307
f 564/692/308 565/692/308 562/691/308
f 565/692/308 563/691/308 562/691/308
f 532/676/309 533/676/309 564/692/309
f 533/676/309 565/692/309 564/692/309
f 562/691/310 536/678/310 564/692/310
f 536/678/310 532/676/310 564/692/310
f 536/678/310 534/677/310 532/676/310
f 534/677/310 530/675/310 532/676/310
f 562/691/310 560/690/310 536/678/310
f 560/690/310 538/679/310 536/678/310
f 560/690/310 558/689/310 538/679/310
f 558/689/310 540/680/310 538/679/310
f 558/689/310 542/681/310 540/680/310
f 544/682/310 542/681/310 546/683/310
f 542/681/310 548/684/310 546/683/310
f 542/681/310 550/685/310 548/684/310
f 556/688/310 554/687/310 558/689/310
f 554/687/310 542/681/310 558/689/310
f 554/687/310 552/686/310 542/681/310
f 552/686/310 550/685/310 542/681/310
f 539/679/311 565/692/311 537/678/311
f 565/692/311 535/677/311 537/678/311
f 565/692/311 533/676/311 535/677/311
f 533/676/311 531/675/311 535/677/311
f 539/679/311 541/680/311 565/692/311
f 541/680/311 563/691/311 565/692/311
f 541/680/311 543/681/311 563/691/311
f 543/681/311 561/690/311 563/691/311
f 543/681/311 559/689/311 561/690/311
f 557/688/311 559/689/311 555/687/311
f 559/689/311 553/686/311 555/687/311
f 559/689/311 551/685/311 553/686/311
f 545/682/311 547/683/311 543/681/311
f 547/683/311 559/689/311 543/681/311
f 547/683/311 549/684/311 559/689/311
f 549/684/311 551/685/311 559/689/311
o sandbox_mesh_011
usemtl tree_trunk_green
s 0
f 566/693/312 567/693/312 568/694/312
f 567/693/313 566/693/313 569/695/313
f 570/696/314 567/693/314 569/695/314
f 571/697/314 572/698/314 567/693/314
f 567/693/314 572/698/314 573/694/314
f 567/693/312 573/694/312 568/694/312
f 570/696/314 571/697/314 567/693/314
f 574/698/313 568/694/313 572/698/313
f 574/698/315 566/693/315 568/694/315
f 568/694/313 573/694/313 572/698/313
f 566/693/315 574/698/315 575/696/315
f 574/698/315 576/697/315 575/696/315
f 571/697/316 576/697/316 574/698/316
f 572/698/316 571/697/316 574/698/316
f 575/696/315 576/697/315 577/699/315
f 578/699/317 577/699/317 576/697/317
f 571/697/317 578/699/317 576/697/317
f 571/697/314 570/696/314 578/699/314
f 578/699/312 570/696/312 577/699/312
f 570/696/312 575/696/312 577/699/312
f 566/693/315 575/696/315 579/700/315
f 579/700/317 575/696/317 570/696/317
f 580/695/312 579/700/312 581/700/312
f 581/700/317 579/700/317 570/696/317
f 580/695/315 566/693/315 579/700/315
f 566/693/313 580/695/313 569/695/313
f 569/695/312 580/695/312 581/700/312
f 581/700/314 570/696/314 569/695/314
o sandbox_mesh_012
usemtl tree_canopy_green
s 0
f 582/701/318 583/701/318 584/702/318
f 583/701/318 585/702/318 584/702/318
f 586/703/319 587/703/319 582/701/319
f 587/703/319 583/701/319 582/701/319
f 588/704/320 589/704/320 586/703/320
f 589/704/320 587/703/320 586/703/320
f 590/705/321 591/705/321 588/704/321
f 591/705/321 589/704/321 588/704/321
f 592/706/322 593/706/322 590/705/322
f 593/706/322 591/705/322 590/705/322
f 594/707/323 595/707/323 592/706/323
f 595/707/323 593/706/323 592/706/323
f 596/708/324 597/708/324 594/707/324
f 597/708/324 595/707/324 594/707/324
f 598/709/325 599/709/325 596/708/325
f 599/709/325 597/708/325 596/708/325
f 600/710/326 601/710/326 598/709/326
f 601/710/326 599/709/326 598/709/326
f 602/711/327 603/711/327 600/710/327
f 603/711/327 601/710/327 600/710/327
f 604/712/328 605/712/328 602/711/328
f 605/712/328 603/711/328 602/711/328
f 606/713/329 607/713/329 604/712/329
f 607/713/329 605/712/329 604/712/329
f 608/714/330 609/714/330 606/713/330
f 609/714/330 607/713/330 606/713/330
f 610/715/331 611/715/331 608/714/331
f 611/715/331 609/714/331 608/714/331
f 612/716/332 613/716/332 610/715/332
f 613/716/332 611/715/332 610/715/332
f 614/717/333 615/717/333 612/716/333
f 615/717/333 613/716/333 612/716/333
f 616/718/334 617/718/334 614/717/334
f 617/718/334 615/717/334 614/717/334
f 584/702/335 585/702/335 616/718/335
f 585/702/335 617/718/335 616/718/335
f 614/717/336 588/704/336 616/718/336
f 588/704/336 584/702/336 616/718/336
f 588/704/336 586/703/336 584/702/336
f 586/703/336 582/701/336 584/702/336
f 614/717/336 612/716/336 588/704/336
f 612/716/336 590/705/336 588/704/336
f 612/716/336 610/715/336 590/705/336
f 610/715/336 592/706/336 590/705/336
f 610/715/336 594/707/336 592/706/336
f 596/708/336 594/707/336 598/709/336
f 594/707/336 600/710/336 598/709/336
f 594/707/336 602/711/336 600/710/336
f 608/714/336 606/713/336 610/715/336
f 606/713/336 594/707/336 610/715/336
f 606/713/336 604/712/336 594/707/336
f 604/712/336 602/711/336 594/707/336
f 591/705/337 617/718/337 589/704/337
f 617/718/337 587/703/337 589/704/337
f 617/718/337 585/702/337 587/703/337
f 585/702/337 583/701/337 587/703/337
f 591/705/337 593/706/337 617/718/337
f 593/706/337 615/717/337 617/718/337
f 593/706/337 595/707/337 615/717/337
f 595/707/337 613/716/337 615/717/337
f 595/707/337 611/715/337 613/716/337
f 609/714/337 611/715/337 607/713/337
f 611/715/337 605/712/337 607/713/337
f 611/715/337 603/711/337 605/712/337
f 597/708/337 599/709/337 595/707/337
f 599/709/337 611/715/337 595/707/337
f 599/709/337 601/710/337 611/715/337
f 601/710/337 603/711/337 611/715/337
o sandbox_mesh_013
usemtl tree_trunk_green
s 0
f 618/719/338 619/719/338 620/720/338
f 619/719/339 618/719/339 621/721/339
f 622/722/340 619/719/340 621/721/340
f 623/723/340 624/724/340 619/719/340
f 619/719/340 624/724/340 625/720/340
f 619/719/338 625/720/338 620/720/338
f 622/722/340 623/723/340 619/719/340
f 626/724/339 620/720/339 624/724/339
f 626/724/341 618/719/341 620/720/341
f 620/720/339 625/720/339 624/724/339
f 618/719/341 626/724/341 627/722/341
f 626/724/341 628/723/341 627/722/341
f 623/723/342 628/723/342 626/724/342
f 624/724/342 623/723/342 626/724/342
f 627/722/341 628/723/341 629/725/341
f 630/725/343 629/725/343 628/723/343
f 623/723/343 630/725/343 628/723/343
f 623/723/340 622/722/340 630/725/340
f 630/725/338 622/722/338 629/725/338
f 622/722/338 627/722/338 629/725/338
f 618/719/341 627/722/341 631/726/341
f 631/726/343 627/722/343 622/722/343
f 632/721/338 631/726/338 633/726/338
f 633/726/343 631/726/343 622/722/343
f 632/721/341 618/719/341 631/726/341
f 618/719/339 632/721/339 621/721/339
f 621/721/338 632/721/338 633/726/338
f 633/726/340 622/722/340 621/721/340
o sandbox_mesh_014
usemtl tree_canopy_green
s 0
f 634/727/344 635/727/344 636/728/344
f 635/727/344 637/728/344 636/728/344
f 638/729/345 639/729/345 634/727/345
f 639/729/345 635/727/345 634/727/345
f 640/730/346 641/730/346 638/729/346
f 641/730/346 639/729/346 638/729/346
f 642/731/347 643/731/347 640/730/347
f 643/731/347 641/730/347 640/730/347
f 644/732/348 645/732/348 642/731/348
f 645/732/348 643/731/348 642/731/348
f 646/733/349 647/733/349 644/732/349
f 647/733/349 645/732/349 644/732/349
f 648/734/350 649/734/350 646/733/350
f 649/734/350 647/733/350 646/733/350
f 650/735/351 651/735/351 648/734/351
f 651/735/351 649/734/351 648/734/351
f 652/736/352 653/736/352 650/735/352
f 653/736/352 651/735/352 650/735/352
f 654/737/353 655/737/353 652/736/353
f 655/737/353 653/736/353 652/736/353
f 656/738/354 657/738/354 654/737/354
f 657/738/354 655/737/354 654/737/354
f 658/739/355 659/739/355 656/738/355
f 659/739/355 657/738/355 656/738/355
f 660/740/356 661/740/356 658/739/356
f 661/740/356 659/739/356 658/739/356
f 662/741/357 663/741/357 660/740/357
f 663/741/357 661/740/357 660/740/357
f 664/742/358 665/742/358 662/741/358
f 665/742/358 663/741/358 662/741/358
f 666/743/359 667/743/359 664/742/359
f 667/743/359 665/742/359 664/742/359
f 668/744/360 669/744/360 666/743/360
f 669/744/360 667/743/360 666/743/360
f 636/728/361 637/728/361 668/744/361
f 637/728/361 669/744/361 668/744/361
f 666/743/362 640/730/362 668/744/362
f 640/730/362 636/728/362 668/744/362
f 640/730/362 638/729/362 636/728/362
f 638/729/362 634/727/362 636/728/362
f 666/743/362 664/742/362 640/730/362
f 664/742/362 642/731/362 640/730/362
f 664/742/362 662/741/362 642/731/362
f 662/741/362 644/732/362 642/731/362
f 662/741/362 646/733/362 644/732/362
f 648/734/362 646/733/362 650/735/362
f 646/733/362 652/736/362 650/735/362
f 646/733/362 654/737/362 652/736/362
f 660/740/362 658/739/362 662/741/362
f 658/739/362 646/733/362 662/741/362
f 658/739/362 656/738/362 646/733/362
f 656/738/362 654/737/362 646/733/362
f 643/731/363 669/744/363 641/730/363
f 669/744/363 639/729/363 641/730/363
f 669/744/363 637/728/363 639/729/363
f 637/728/363 635/727/363 639/729/363
f 643/731/363 645/732/363 669/744/363
f 645/732/363 667/743/363 669/744/363
f 645/732/363 647/733/363 667/743/363
f 647/733/363 665/742/363 667/743/363
f 647/733/363 663/741/363 665/742/363
f 661/740/363 663/741/363 659/739/363
f 663/741/363 657/738/363 659/739/363
f 663/741/363 655/737/363 657/738/363
f 649/734/363 651/735/363 647/733/363
f 651/735/363 663/741/363 647/733/363
f 651/735/363 653/736/363 663/741/363
f 653/736/363 655/737/363 663/741/363
o sandbox_mesh_015
usemtl tree_trunk_green
s 0
f 670/745/364 671/745/364 672/746/364
f 671/745/365 670/745/365 673/747/365
f 674/748/366 671/745/366 673/747/366
f 675/749/366 676/750/366 671/745/366
f 671/745/366 676/750/366 677/746/366
f 671/745/364 677/746/364 672/746/364
f 674/748/366 675/749/366 671/745/366
f 678/750/365 672/746/365 676/750/365
f 678/750/367 670/745/367 672/746/367
f 672/746/365 677/746/365 676/750/365
f 670/745/367 678/750/367 679/748/367
f 678/750/367 680/749/367 679/748/367
f 675/749/368 680/749/368 678/750/368
f 676/750/368 675/749/368 678/750/368
f 679/748/367 680/749/367 681/751/367
f 682/751/369 681/751/369 680/749/369
f 675/749/369 682/751/369 680/749/369
f 675/749/366 674/748/366 682/751/366
f 682/751/364 674/748/364 681/751/364
f 674/748/364 679/748/364 681/751/364
f 670/745/367 679/748/367 683/752/367
f 683/752/369 679/748/369 674/748/369
f 684/747/364 683/752/364 685/752/364
f 685/752/369 683/752/369 674/748/369
f 684/747/367 670/745/367 683/752/367
f 670/745/365 684/747/365 673/747/365
f 673/747/364 684/747/364 685/752/364
f 685/752/366 674/748/366 673/747/366
o sandbox_mesh_016
usemtl tree_canopy_green
s 0
f 686/753/370 687/753/370 688/754/370
f 687/753/370 689/754/370 688/754/370
f 690/755/371 691/755/371 686/753/371
f 691/755/371 687/753/371 686/753/371
f 692/756/372 693/756/372 690/755/372
f 693/756/372 691/755/372 690/755/372
f 694/757/373 695/757/373 692/756/373
f 695/757/373 693/756/373 692/756/373
f 696/758/374 697/758/374 694/757/374
f 697/758/374 695/757/374 694/757/374
f 698/759/375 699/759/375 696/758/375
f 699/759/375 697/758/375 696/758/375
f 700/760/376 701/760/376 698/759/376
f 701/760/376 699/759/376 698/759/376
f 702/761/377 703/761/377 700/760/377
f 703/761/377 701/760/377 700/760/377
f 704/762/378 705/762/378 702/761/378
f 705/762/378 703/761/378 702/761/378
f 706/763/379 707/763/379 704/762/379
f 707/763/379 705/762/379 704/762/379
f 708/764/380 709/764/380 706/763/380
f 709/764/380 707/763/380 706/763/380
f 710/765/381 711/765/381 708/764/381
f 711/765/381 709/764/381 708/764/381
f 712/766/382 713/766/382 710/765/382
f 713/766/382 711/765/382 710/765/382
f 714/767/383 715/767/383 712/766/383
f 715/767/383 713/766/383 712/766/383
f 716/768/384 717/768/384 714/767/384
f 717/768/384 715/767/384 714/767/384
f 718/769/385 719/769/385 716/768/385
f 719/769/385 717/768/385 716/768/385
f 720/770/386 721/770/386 718/769/386
f 721/770/386 719/769/386 718/769/386
f 688/754/387 689/754/387 720/770/387
f 689/754/387 721/770/387 720/770/387
f 718/769/388 692/756/388 720/770/388
f 692/756/388 688/754/388 720/770/388
f 692/756/388 690/755/388 688/754/388
f 690/755/388 686/753/388 688/754/388
f 718/769/388 716/768/388 692/756/388
f 716/768/388 694/757/388 692/756/388
f 716/768/388 714/767/388 694/757/388
f 714/767/388 696/758/388 694/757/388
f 714/767/388 698/759/388 696/758/388
f 700/760/388 698/759/388 702/761/388
f 698/759/388 704/762/388 702/761/388
f 698/759/388 706/763/388 704/762/388
f 712/766/388 710/765/388 714/767/388
f 710/765/388 698/759/388 714/767/388
f 710/765/388 708/764/388 698/759/388
f 708/764/388 706/763/388 698/759/388
f 695/757/389 721/770/389 693/756/389
f 721/770/389 691/755/389 693/756/389
f 721/770/389 689/754/389 691/755/389
f 689/754/389 687/753/389 691/755/389
f 695/757/389 697/758/389 721/770/389
f 697/758/389 719/769/389 721/770/389
f 697/758/389 699/759/389 719/769/389
f 699/759/389 717/768/389 719/769/389
f 699/759/389 715/767/389 717/768/389
f 713/766/389 715/767/389 711/765/389
f 715/767/389 709/764/389 711/765/389
f 715/767/389 707/763/389 709/764/389
f 701/760/389 703/761/389 699/759/389
f 703/761/389 715/767/389 699/759/389
f 703/761/389 705/762/389 715/767/389
f 705/762/389 707/763/389 715/767/389
o sandbox_mesh_017
usemtl tree_trunk_green
s 0
f 722/771/390 723/771/390 724/772/390
f 723/771/391 722/771/391 725/773/391
f 726/774/392 723/771/392 725/773/392
f 727/775/392 728/776/392 723/771/392
f 723/771/392 728/776/392 729/772/392
f 723/771/390 729/772/390 724/772/390
f 726/774/392 727/775/392 723/771/392
f 730/776/391 724/772/391 728/776/391
f 730/776/393 722/771/393 724/772/393
f 724/772/391 729/772/391 728/776/391
f 722/771/393 730/776/393 731/774/393
f 730/776/393 732/775/393 731/774/393
f 727/775/394 732/775/394 730/776/394
f 728/776/394 727/775/394 730/776/394
f 731/774/393 732/775/393 733/777/393
f 734/777/395 733/777/395 732/775/395
f 727/775/395 734/777/395 732/775/395
f 727/775/392 726/774/392 734/777/392
f 734/777/390 726/774/390 733/777/390
f 726/774/390 731/774/390 733/777/390
f 722/771/393 731/774/393 735/778/393
f 735/778/395 731/774/395 726/774/395
f 736/773/390 735/778/390 737/778/390
f 737/778/395 735/778/395 726/774/395
f 736/773/393 722/771/393 735/778/393
f 722/771/391 736/773/391 725/773/391
f 725/773/390 736/773/390 737/778/390
f 737/778/392 726/774/392 725/773/392
o sandbox_mesh_018
usemtl tree_canopy_green
s 0
f 738/779/396 739/779/396 740/780/396
f 739/779/396 741/780/396 740/780/396
f 742/781/397 743/781/397 738/779/397
f 743/781/397 739/779/397 738/779/397
f 744/782/398 745/782/398 742/781/398
f 745/782/398 743/781/398 742/781/398
f 746/783/399 747/783/399 744/782/399
f 747/783/399 745/782/399 744/782/399
f 748/784/400 749/784/400 746/783/400
f 749/784/400 747/783/400 746/783/400
f 750/785/401 751/785/401 748/784/401
f 751/785/401 749/784/401 748/784/401
f 752/786/402 753/786/402 750/785/402
f 753/786/402 751/785/402 750/785/402
f 754/787/403 755/787/403 752/786/403
f 755/787/403 753/786/403 752/786/403
f 756/788/404 757/788/404 754/787/404
f 757/788/404 755/787/404 754/787/404
f 758/789/405 759/789/405 756/788/405
f 759/789/405 757/788/405 756/788/405
f 760/790/406 761/790/406 758/789/406
f 761/790/406 759/789/406 758/789/406
f 762/791/407 763/791/407 760/790/407
f 763/791/407 761/790/407 760/790/407
f 764/792/408 765/792/408 762/791/408
f 765/792/408 763/791/408 762/791/408
f 766/793/409 767/793/409 764/792/409
f 767/793/409 765/792/409 764/792/409
f 768/794/410 769/794/410 766/793/410
f 769/794/410 767/793/410 766/793/410
f 770/795/411 771/795/411 768/794/411
f 771/795/411 769/794/411 768/794/411
f 772/796/412 773/796/412 770/795/412
f 773/796/412 771/795/412 770/795/412
f 740/780/413 741/780/413 772/796/413
f 741/780/413 773/796/413 772/796/413
f 770/795/414 744/782/414 772/796/414
f 744/782/414 740/780/414 772/796/414
f 744/782/414 742/781/414 740/780/414
f 742/781/414 738/779/414 740/780/414
f 770/795/414 768/794/414 744/782/414
f 768/794/414 746/783/414 744/782/414
f 768/794/414 766/793/414 746/783/414
f 766/793/414 748/784/414 746/783/414
f 766/793/414 750/785/414 748/784/414
f 752/786/414 750/785/414 754/787/414
f 750/785/414 756/788/414 754/787/414
f 750/785/414 758/789/414 756/788/414
f 764/792/414 762/791/414 766/793/414
f 762/791/414 750/785/414 766/793/414
f 762/791/414 760/790/414 750/785/414
f 760/790/414 758/789/414 750/785/414
f 747/783/415 773/796/415 745/782/415
f 773/796/415 743/781/415 745/782/415
f 773/796/415 741/780/415 743/781/415
f 741/780/415 739/779/415 743/781/415
f 747/783/415 749/784/415 773/796/415
f 749/784/415 771/795/415 773/796/415
f 749/784/415 751/785/415 771/795/415
f 751/785/415 769/794/415 771/795/415
f 751/785/415 767/793/415 769/794/415
f 765/792/415 767/793/415 763/791/415
f 767/793/415 761/790/415 763/791/415
f 767/793/415 759/789/415 761/790/415
f 753/786/415 755/787/415 751/785/415
f 755/787/415 767/793/415 751/785/415
f 755/787/415 757/788/415 767/793/415
f 757/788/415 759/789/415 767/793/415
o sandbox_mesh_019
usemtl tree_trunk_green
s 0
f 774/797/416 775/797/416 776/798/416
f 775/797/417 774/797/417 777/799/417
f 778/800/418 775/797/418 777/799/418
f 779/801/418 780/802/418 775/797/418
f 775/797/418 780/802/418 781/798/418
f 775/797/416 781/798/416 776/798/416
f 778/800/418 779/801/418 775/797/418
f 782/802/417 776/798/417 780/802/417
f 782/802/419 774/797/419 776/798/419
f 776/798/417 781/798/417 780/802/417
f 774/797/419 782/802/419 783/800/419
f 782/802/419 784/801/419 783/800/419
f 779/801/420 784/801/420 782/802/420
f 780/802/420 779/801/420 782/802/420
f 783/800/419 784/801/419 785/803/419
f 786/803/421 785/803/421 784/801/421
f 779/801/421 786/803/421 784/801/421
f 779/801/418 778/800/418 786/803/418
f 786/803/416 778/800/416 785/803/416
f 778/800/416 783/800/416 785/803/416
f 774/797/419 783/800/419 787/804/419
f 787/804/421 783/800/421 778/800/421
f 788/799/416 787/804/416 789/804/416
f 789/804/421 787/804/421 778/800/421
f 788/799/419 774/797/419 787/804/419
f 774/797/417 788/799/417 777/799/417
f 777/799/416 788/799/416 789/804/416
f 789/804/418 778/800/418 777/799/418
o sandbox_mesh_020
usemtl tree_canopy_green
s 0
f 790/805/422 791/805/422 792/806/422
f 791/805/422 793/806/422 792/806/422
f 794/807/423 795/807/423 790/805/423
f 795/807/423 791/805/423 790/805/423
f 796/808/424 797/808/424 794/807/424
f 797/808/424 795/807/424 794/807/424
f 798/809/425 799/809/425 796/808/425
f 799/809/425 797/808/425 796/808/425
f 800/810/426 801/810/426 798/809/426
f 801/810/426 799/809/426 798/809/426
f 802/811/427 803/811/427 800/810/427
f 803/811/427 801/810/427 800/810/427
f 804/812/428 805/812/428 802/811/428
f 805/812/428 803/811/428 802/811/428
f 806/813/429 807/813/429 804/812/429
f 807/813/429 805/812/429 804/812/429
f 808/814/430 809/814/430 806/813/430
f 809/814/430 807/813/430 806/813/430
f 810/815/431 811/815/431 808/814/431
f 811/815/431 809/814/431 808/814/431
f 812/816/432 813/816/432 810/815/432
f 813/816/432 811/815/432 810/815/432
f 814/817/433 815/817/433 812/816/433
f 815/817/433 813/816/433 812/816/433
f 816/818/434 817/818/434 814/817/434
f 817/818/434 815/817/434 814/817/434
f 818/819/435 819/819/435 816/818/435
f 819/819/435 817/818/435 816/818/435
f 820/820/436 821/820/436 818/819/436
f 821/820/436 819/819/436 818/819/436
f 822/821/437 823/821/437 820/820/437
f 823/821/437 821/820/437 820/820/437
f 824/822/438 825/822/438 822/821/438
f 825/822/438 823/821/438 822/821/438
f 792/806/439 793/806/439 824/822/439
f 793/806/439 825/822/439 824/822/439
f 822/821/440 796/808/440 824/822/440
f 796/808/440 792/806/440 824/822/440
f 796/808/440 794/807/440 792/806/440
f 794/807/440 790/805/440 792/806/440
f 822/821/440 820/820/440 796/808/440
f 820/820/440 798/809/440 796/808/440
f 820/820/440 818/819/440 798/809/440
f 818/819/440 800/810/440 798/809/440
f 818/819/440 802/811/440 800/810/440
f 804/812/440 802/811/440 806/813/440
f 802/811/440 808/814/440 806/813/440
f 802/811/440 810/815/440 808/814/440
f 816/818/440 814/817/440 818/819/440
f 814/817/440 802/811/440 818/819/440
f 814/817/440 812/816/440 802/811/440
f 812/816/440 810/815/440 802/811/440
f 799/809/441 825/822/441 797/808/441
f 825/822/441 795/807/441 797/808/441
f 825/822/441 793/806/441 795/807/441
f 793/806/441 791/805/441 795/807/441
f 799/809/441 801/810/441 825/822/441
f 801/810/441 823/821/441 825/822/441
f 801/810/441 803/811/441 823/821/441
f 803/811/441 821/820/441 823/821/441
f 803/811/441 819/819/441 821/820/441
f 817/818/441 819/819/441 815/817/441
f 819/819/441 813/816/441 815/817/441
f 819/819/441 811/815/441 813/816/441
f 805/812/441 807/813/441 803/811/441
f 807/813/441 819/819/441 803/811/441
f 807/813/441 809/814/441 819/819/441
f 809/814/441 811/815/441 819/819/441
o sandbox_mesh_021
usemtl tree_trunk_green
s 0
f 826/823/442 827/823/442 828/824/442
f 827/823/443 826/823/443 829/825/443
f 830/826/444 827/823/444 829/825/444
f 831/827/444 832/828/444 827/823/444
f 827/823/444 832/828/444 833/824/444
f 827/823/442 833/824/442 828/824/442
f 830/826/444 831/827/444 827/823/444
f 834/828/443 828/824/443 832/828/443
f 834/828/445 826/823/445 828/824/445
f 828/824/443 833/824/443 832/828/443
f 826/823/445 834/828/445 835/826/445
f 834/828/445 836/827/445 835/826/445
f 831/827/446 836/827/446 834/828/446
f 832/828/446 831/827/446 834/828/446
f 835/826/445 836/827/445 837/829/445
f 838/829/447 837/829/447 836/827/447
f 831/827/447 838/829/447 836/827/447
f 831/827/444 830/826/444 838/829/444
f 838/829/442 830/826/442 837/829/442
f 830/826/442 835/826/442 837/829/442
f 826/823/445 835/826/445 839/830/445
f 839/830/447 835/826/447 830/826/447
f 840/825/442 839/830/442 841/830/442
f 841/830/447 839/830/447 830/826/447
f 840/825/445 826/823/445 839/830/445
f 826/823/443 840/825/443 829/825/443
f 829/825/442 840/825/442 841/830/442
f 841/830/444 830/826/444 829/825/444
o sandbox_mesh_022
usemtl tree_canopy_green
s 0
f 842/831/448 843/831/448 844/832/448
f 843/831/448 845/832/448 844/832/448
f 846/833/449 847/833/449 842/831/449
f 847/833/449 843/831/449 842/831/449
f 848/834/450 849/834/450 846/833/450
f 849/834/450 847/833/450 846/833/450
f 850/835/451 851/835/451 848/834/451
f 851/835/451 849/834/451 848/834/451
f 852/836/452 853/836/452 850/835/452
f 853/836/452 851/835/452 850/835/452
f 854/837/453 855/837/453 852/836/453
f 855/837/453 853/836/453 852/836/453
f 856/838/454 857/838/454 854/837/454
f 857/838/454 855/837/454 854/837/454
f 858/839/455 859/839/455 856/838/455
f 859/839/455 857/838/455 856/838/455
f 860/840/456 861/840/456 858/839/456
f 861/840/457 859/839/457 858/839/457
f 862/841/458 863/841/458 860/840/458
f 863/841/458 861/840/458 860/840/458
f 864/842/459 865/842/459 862/841/459
f 865/842/459 863/841/459 862/841/459
f 866/843/460 867/843/460 864/842/460
f 867/843/461 865/842/461 864/842/461
f 868/844/462 869/844/462 866/843/462
f 869/844/462 867/843/462 866/843/462
f 870/845/463 871/845/463 868/844/463
f 871/845/463 869/844/463 868/844/463
f 872/846/464 873/846/464 870/845/464
f 873/846/464 871/845/464 870/845/464
f 874/847/465 875/847/465 872/846/465
f 875/847/465 873/846/465 872/846/465
f 876/848/466 877/848/466 874/847/466
f 877/848/466 875/847/466 874/847/466
f 844/832/467 845/832/467 876/848/467
f 845/832/467 877/848/467 876/848/467
f 874/847/468 848/834/468 876/848/468
f 848/834/468 844/832/468 876/848/468
f 848/834/468 846/833/468 844/832/468
f 846/833/468 842/831/468 844/832/468
f 874/847/468 872/846/468 848/834/468
f 872/846/468 850/835/468 848/834/468
f 872/846/468 870/845/468 850/835/468
f 870/845/468 852/836/468 850/835/468
f 870/845/468 854/837/468 852/836/468
f 856/838/468 854/837/468 858/839/468
f 854/837/468 860/840/468 858/839/468
f 854/837/468 862/841/468 860/840/468
f 868/844/468 866/843/468 870/845/468
f 866/843/468 854/837/468 870/845/468
f 866/843/468 864/842/468 854/837/468
f 864/842/468 862/841/468 854/837/468
f 851/835/469 877/848/469 849/834/469
f 877/848/469 847/833/469 849/834/469
f 877/848/469 845/832/469 847/833/469
f 845/832/469 843/831/469 847/833/469
f 851/835/469 853/836/469 877/848/469
f 853/836/469 875/847/469 877/848/469
f 853/836/469 855/837/469 875/847/469
f 855/837/469 873/846/469 875/847/469
f 855/837/469 871/845/469 873/846/469
f 869/844/469 871/845/469 867/843/469
f 871/845/469 865/842/469 867/843/469
f 871/845/469 863/841/469 865/842/469
f 857/838/469 859/839/469 855/837/469
f 859/839/469 871/845/469 855/837/469
f 859/839/469 861/840/469 871/845/469
f 861/840/469 863/841/469 871/845/469
o sandbox_mesh_023
usemtl tree_trunk_green
s 0
f 878/849/470 879/849/470 880/850/470
f 879/849/471 878/849/471 881/851/471
f 882/852/472 879/849/472 881/851/472
f 883/853/472 884/854/472 879/849/472
f 879/849/472 884/854/472 885/850/472
f 879/849/470 885/850/470 880/850/470
f 882/852/472 883/853/472 879/849/472
f 886/854/471 880/850/471 884/854/471
f 886/854/473 878/849/473 880/850/473
f 880/850/471 885/850/471 884/854/471
f 878/849/473 886/854/473 887/852/473
f 886/854/473 888/853/473 887/852/473
f 883/853/474 888/853/474 886/854/474
f 884/854/474 883/853/474 886/854/474
f 887/852/473 888/853/473 889/855/473
f 890/855/475 889/855/475 888/853/475
f 883/853/475 890/855/475 888/853/475
f 883/853/472 882/852/472 890/855/472
f 890/855/470 882/852/470 889/855/470
f 882/852/470 887/852/470 889/855/470
f 878/849/473 887/852/473 891/856/473
f 891/856/475 887/852/475 882/852/475
f 892/851/470 891/856/470 893/856/470
f 893/856/475 891/856/475 882/852/475
f 892/851/473 878/849/473 891/856/473
f 878/849/471 892/851/471 881/851/471
f 881/851/470 892/851/470 893/856/470
f 893/856/472 882/852/472 881/851/472
o sandbox_mesh_024
usemtl tree_canopy_green
s 0
f 894/857/476 895/857/476 896/858/476
f 895/857/476 897/858/476 896/858/476
f 898/859/477 899/859/477 894/857/477
f 899/859/477 895/857/477 894/857/477
f 900/860/478 901/860/478 898/859/478
f 901/860/478 899/859/478 898/859/478
f 902/861/479 903/861/479 900/860/479
f 903/861/479 901/860/479 900/860/479
f 904/862/480 905/862/480 902/861/480
f 905/862/480 903/861/480 902/861/480
f 906/863/481 907/863/481 904/862/481
f 907/863/481 905/862/481 904/862/481
f 908/864/482 909/864/482 906/863/482
f 909/864/482 907/863/482 906/863/482
f 910/865/483 911/865/483 908/864/483
f 911/865/483 909/864/483 908/864/483
f 912/866/484 913/866/484 910/865/484
f 913/866/484 911/865/484 910/865/484
f 914/867/485 915/867/485 912/866/485
f 915/867/485 913/866/485 912/866/485
f 916/868/486 917/868/486 914/867/486
f 917/868/486 915/867/486 914/867/486
f 918/869/487 919/869/487 916/868/487
f 919/869/487 917/868/487 916/868/487
f 920/870/488 921/870/488 918/869/488
f 921/870/488 919/869/488 918/869/488
f 922/871/489 923/871/489 920/870/489
f 923/871/489 921/870/489 920/870/489
f 924/872/490 925/872/490 922/871/490
f 925/872/490 923/871/490 922/871/490
f 926/873/491 927/873/491 924/872/491
f 927/873/491 925/872/491 924/872/491
f 928/874/492 929/874/492 926/873/492
f 929/874/492 927/873/492 926/873/492
f 896/858/493 897/858/493 928/874/493
f 897/858/493 929/874/493 928/874/493
f 926/873/494 900/860/494 928/874/494
f 900/860/494 896/858/494 928/874/494
f 900/860/494 898/859/494 896/858/494
f 898/859/494 894/857/494 896/858/494
f 926/873/494 924/872/494 900/860/494
f 924/872/494 902/861/494 900/860/494
f 924/872/494 922/871/494 902/861/494
f 922/871/494 904/862/494 902/861/494
f 922/871/494 906/863/494 904/862/494
f 908/864/494 906/863/494 910/865/494
f 906/863/494 912/866/494 910/865/494
f 906/863/494 914/867/494 912/866/494
f 920/870/494 918/869/494 922/871/494
f 918/869/494 906/863/494 922/871/494
f 918/869/494 916/868/494 906/863/494
f 916/868/494 914/867/494 906/863/494
f 903/861/495 929/874/495 901/860/495
f 929/874/495 899/859/495 901/860/495
f 929/874/495 897/858/495 899/859/495
f 897/858/495 895/857/495 899/859/495
f 903/861/495 905/862/495 929/874/495
f 905/862/495 927/873/495 929/874/495
f 905/862/495 907/863/495 927/873/495
f 907/863/495 925/872/495 927/873/495
f 907/863/495 923/871/495 925/872/495
f 921/870/495 923/871/495 919/869/495
f 923/871/495 917/868/495 919/869/495
f 923/871/495 915/867/495 917/868/495
f 909/864/495 911/865/495 907/863/495
f 911/865/495 923/871/495 907/863/495
f 911/865/495 913/866/495 923/871/495
f 913/866/495 915/867/495 923/871/495
o sandbox_mesh_025
usemtl tree_trunk_green
s 0
f 930/875/496 931/875/496 932/876/496
f 931/875/497 930/875/497 933/877/497
f 934/878/498 931/875/498 933/877/498
f 935/879/498 936/880/498 931/875/498
f 931/875/498 936/880/498 937/876/498
f 931/875/496 937/876/496 932/876/496
f 934/878/498 935/879/498 931/875/498
f 938/880/497 932/876/497 936/880/497
f 938/880/499 930/875/499 932/876/499
f 932/876/497 937/876/497 936/880/497
f 930/875/499 938/880/499 939/878/499
f 938/880/499 940/879/499 939/878/499
f 935/879/500 940/879/500 938/880/500
f 936/880/500 935/879/500 938/880/500
f 939/878/499 940/879/499 941/881/499
f 942/881/501 941/881/501 940/879/501
f 935/879/501 942/881/501 940/879/501
f 935/879/498 934/878/498 942/881/498
f 942/881/496 934/878/496 941/881/496
f 934/878/496 939/878/496 941/881/496
f 930/875/499 939/878/499 943/882/499
f 943/882/501 939/878/501 934/878/501
f 944/877/496 943/882/496 945/882/496
f 945/882/501 943/882/501 934/878/501
f 944/877/499 930/875/499 943/882/499
f 930/875/497 944/877/497 933/877/497
f 933/877/496 944/877/496 945/882/496
f 945/882/498 934/878/498 933/877/498
o sandbox_mesh_026
usemtl tree_canopy_green
s 0
f 946/883/502 947/883/502 948/884/502
f 947/883/502 949/884/502 948/884/502
f 950/885/503 951/885/503 946/883/503
f 951/885/503 947/883/503 946/883/503
f 952/886/504 953/886/504 950/885/504
f 953/886/504 951/885/504 950/885/504
f 954/887/505 955/887/505 952/886/505
f 955/887/505 953/886/505 952/886/505
f 956/888/506 957/888/506 954/887/506
f 957/888/506 955/887/506 954/887/506
f 958/889/507 959/889/507 956/888/507
f 959/889/507 957/888/507 956/888/507
f 960/890/508 961/890/508 958/889/508
f 961/890/508 959/889/508 958/889/508
f 962/891/509 963/891/509 960/890/509
f 963/891/509 961/890/509 960/890/509
f 964/892/510 965/892/510 962/891/510
f 965/892/510 963/891/510 962/891/510
f 966/893/511 967/893/511 964/892/511
f 967/893/511 965/892/511 964/892/511
f 968/894/512 969/894/512 966/893/512
f 969/894/512 967/893/512 966/893/512
f 970/895/513 971/895/513 968/894/513
f 971/895/513 969/894/513 968/894/513
f 972/896/514 973/896/514 970/895/514
f 973/896/514 971/895/514 970/895/514
f 974/897/515 975/897/515 972/896/515
f 975/897/515 973/896/515 972/896/515
f 976/898/516 977/898/516 974/897/516
f 977/898/516 975/897/516 974/897/516
f 978/899/517 979/899/517 976/898/517
f 979/899/517 977/898/517 976/898/517
f 980/900/518 981/900/518 978/899/518
f 981/900/518 979/899/518 978/899/518
f 948/884/519 949/884/519 980/900/519
f 949/884/519 981/900/519 980/900/519
f 978/899/520 952/886/520 980/900/520
f 952/886/520 948/884/520 980/900/520
f 952/886/520 950/885/520 948/884/520
f 950/885/520 946/883/520 948/884/520
f 978/899/520 976/898/520 952/886/520
f 976/898/520 954/887/520 952/886/520
f 976/898/520 974/897/520 954/887/520
f 974/897/520 956/888/520 954/887/520
f 974/897/520 958/889/520 956/888/520
f 960/890/520 958/889/520 962/891/520
f 958/889/520 964/892/520 962/891/520
f 958/889/520 966/893/520 964/892/520
f 972/896/520 970/895/520 974/897/520
f 970/895/520 958/889/520 974/897/520
f 970/895/520 968/894/520 958/889/520
f 968/894/520 966/893/520 958/889/520
f 955/887/521 981/900/521 953/886/521
f 981/900/521 951/885/521 953/886/521
f 981/900/521 949/884/521 951/885/521
f 949/884/521 947/883/521 951/885/521
f 955/887/521 957/888/521 981/900/521
f 957/888/521 979/899/521 981/900/521
f 957/888/521 959/889/521 979/899/521
f 959/889/521 977/898/521 979/899/521
f 959/889/521 975/897/521 977/898/521
f 973/896/521 975/897/521 971/895/521
f 975/897/521 969/894/521 971/895/521
f 975/897/521 967/893/521 969/894/521
f 961/890/521 963/891/521 959/889/521
f 963/891/521 975/897/521 959/889/521
f 963/891/521 965/892/521 975/897/521
f 965/892/521 967/893/521 975/897/521
o sandbox_mesh_027
usemtl tree_trunk_green
s 0
f 982/901/522 983/901/522 984/902/522
f 983/901/523 982/901/523 985/903/523
f 986/904/524 983/901/524 985/903/524
f 987/905/524 988/906/524 983/901/524
f 983/901/524 988/906/524 989/902/524
f 983/901/522 989/902/522 984/902/522
f 986/904/524 987/905/524 983/901/524
f 990/906/523 984/902/523 988/906/523
f 990/906/525 982/901/525 984/902/525
f 984/902/523 989/902/523 988/906/523
f 982/901/525 990/906/525 991/904/525
f 990/906/525 992/905/525 991/904/525
f 987/905/526 992/905/526 990/906/526
f 988/906/526 987/905/526 990/906/526
f 991/904/525 992/905/525 993/907/525
f 994/907/527 993/907/527 992/905/527
f 987/905/527 994/907/527 992/905/527
f 987/905/524 986/904/524 994/907/524
f 994/907/522 986/904/522 993/907/522
f 986/904/522 991/904/522 993/907/522
f 982/901/525 991/904/525 995/908/525
f 995/908/527 991/904/527 986/904/527
f 996/903/522 995/908/522 997/908/522
f 997/908/527 995/908/527 986/904/527
f 996/903/525 982/901/525 995/908/525
f 982/901/523 996/903/523 985/903/523
f 985/903/522 996/903/522 997/908/522
f 997/908/524 986/904/524 985/903/524
o sandbox_mesh_028
usemtl tree_canopy_green
s 0
f 998/909/528 999/909/528 1000/910/528
f 999/909/528 1001/910/528 1000/910/528
f 1002/911/529 1003/911/529 998/909/529
f 1003/911/529 999/909/529 998/909/529
f 1004/912/530 1005/912/530 1002/911/530
f 1005/912/530 1003/911/530 1002/911/530
f 1006/913/531 1007/913/531 1004/912/531
f 1007/913/531 1005/912/531 1004/912/531
f 1008/914/532 1009/914/532 1006/913/532
f 1009/914/532 1007/913/532 1006/913/532
f 1010/915/533 1011/915/533 1008/914/533
f 1011/915/533 1009/914/533 1008/914/533
f 1012/916/534 1013/916/534 1010/915/534
f 1013/916/534 1011/915/534 1010/915/534
f 1014/917/535 1015/917/535 1012/916/535
f 1015/917/535 1013/916/535 1012/916/535
f 1016/918/536 1017/918/536 1014/917/536
f 1017/918/536 1015/917/536 1014/917/536
f 1018/919/537 1019/919/537 1016/918/537
f 1019/919/537 1017/918/537 1016/918/537
f 1020/920/538 1021/920/538 1018/919/538
f 1021/920/538 1019/919/538 1018/919/538
f 1022/921/539 1023/921/539 1020/920/539
f 1023/921/539 1021/920/539 1020/920/539
f 1024/922/540 1025/922/540 1022/921/540
f 1025/922/540 1023/921/540 1022/921/540
f 1026/923/541 1027/923/541 1024/922/541
f 1027/923/541 1025/922/541 1024/922/541
f 1028/924/542 1029/924/542 1026/923/542
f 1029/924/542 1027/923/542 1026/923/542
f 1030/925/543 1031/925/543 1028/924/543
f 1031/925/543 1029/924/543 1028/924/543
f 1032/926/544 1033/926/544 1030/925/544
f 1033/926/544 1031/925/544 1030/925/544
f 1000/910/545 1001/910/545 1032/926/545
f 1001/910/545 1033/926/545 1032/926/545
f 1030/925/546 1004/912/546 1032/926/546
f 1004/912/546 1000/910/546 1032/926/546
f 1004/912/546 1002/911/546 1000/910/546
f 1002/911/546 998/909/546 1000/910/546
f 1030/925/546 1028/924/546 1004/912/546
f 1028/924/546 1006/913/546 1004/912/546
f 1028/924/546 1026/923/546 1006/913/546
f 1026/923/546 1008/914/546 1006/913/546
f 1026/923/546 1010/915/546 1008/914/546
f 1012/916/546 1010/915/546 1014/917/546
f 1010/915/546 1016/918/546 1014/917/546
f 1010/915/546 1018/919/546 1016/918/546
f 1024/922/546 1022/921/546 1026/923/546
f 1022/921/546 1010/915/546 1026/923/546
f 1022/921/546 1020/920/546 1010/915/546
f 1020/920/546 1018/919/546 1010/915/546
f 1007/913/547 1033/926/547 1005/912/547
f 1033/926/547 1003/911/547 1005/912/547
f 1033/926/547 1001/910/547 1003/911/547
f 1001/910/547 999/909/547 1003/911/547
f 1007/913/547 1009/914/547 1033/926/547
f 1009/914/547 1031/925/547 1033/926/547
f 1009/914/547 1011/915/547 1031/925/547
f 1011/915/547 1029/924/547 1031/925/547
f 1011/915/547 1027/923/547 1029/924/547
f 1025/922/547 1027/923/547 1023/921/547
f 1027/923/547 1021/920/547 1023/921/547
f 1027/923/547 1019/919/547 1021/920/547
f 1013/916/547 1015/917/547 1011/915/547
f 1015/917/547 1027/923/547 1011/915/547
f 1015/917/547 1017/918/547 1027/923/547
f 1017/918/547 1019/919/547 1027/923/547
o sandbox_mesh_029
usemtl tree_trunk_green
s 0
f 1034/927/548 1035/927/548 1036/928/548
f 1035/927/549 1034/927/549 1037/929/549
f 1038/930/550 1035/927/550 1037/929/550
f 1039/931/550 1040/932/550 1035/927/550
f 1035/927/550 1040/932/550 1041/928/550
f 1035/927/548 1041/928/548 1036/928/548
f 1038/930/550 1039/931/550 1035/927/550
f 1042/932/549 1036/928/549 1040/932/549
f 1042/932/551 1034/927/551 1036/928/551
f 1036/928/549 1041/928/549 1040/932/549
f 1034/927/551 1042/932/551 1043/930/551
f 1042/932/551 1044/931/551 1043/930/551
f 1039/931/552 1044/931/552 1042/932/552
f 1040/932/552 1039/931/552 1042/932/552
f 1043/930/551 1044/931/551 1045/933/551
f 1046/933/553 1045/933/553 1044/931/553
f 1039/931/553 1046/933/553 1044/931/553
f 1039/931/550 1038/930/550 1046/933/550
f 1046/933/548 1038/930/548 1045/933/548
f 1038/930/548 1043/930/548 1045/933/548
f 1034/927/551 1043/930/551 1047/934/551
f 1047/934/553 1043/930/553 1038/930/553
f 1048/929/548 1047/934/548 1049/934/548
f 1049/934/553 1047/934/553 1038/930/553
f 1048/929/551 1034/927/551 1047/934/551
f 1034/927/549 1048/929/549 1037/929/549
f 1037/929/548 1048/929/548 1049/934/548
f 1049/934/550 1038/930/550 1037/929/550
o sandbox_mesh_030
usemtl tree_canopy_green
s 0
f 1050/935/554 1051/935/554 1052/936/554
f 1051/935/554 1053/936/554 1052/936/554
f 1054/937/555 1055/937/555 1050/935/555
f 1055/937/555 1051/935/555 1050/935/555
f 1056/938/556 1057/938/556 1054/937/556
f 1057/938/556 1055/937/556 1054/937/556
f 1058/939/557 1059/939/557 1056/938/557
f 1059/939/557 1057/938/557 1056/938/557
f 1060/940/558 1061/940/558 1058/939/558
f 1061/940/558 1059/939/558 1058/939/558
f 1062/941/559 1063/941/559 1060/940/559
f 1063/941/559 1061/940/559 1060/940/559
f 1064/942/560 1065/942/560 1062/941/560
f 1065/942/560 1063/941/560 1062/941/560
f 1066/943/561 1067/943/561 1064/942/561
f 1067/943/561 1065/942/561 1064/942/561
f 1068/944/562 1069/944/562 1066/943/562
f 1069/944/562 1067/943/562 1066/943/562
f 1070/945/563 1071/945/563 1068/944/563
f 1071/945/563 1069/944/563 1068/944/563
f 1072/946/564 1073/946/564 1070/945/564
f 1073/946/564 1071/945/564 1070/945/564
f 1074/947/565 1075/947/565 1072/946/565
f 1075/947/565 1073/946/565 1072/946/565
f 1076/948/566 1077/948/566 1074/947/566
f 1077/948/566 1075/947/566 1074/947/566
f 1078/949/567 1079/949/567 1076/948/567
f 1079/949/567 1077/948/567 1076/948/567
f 1080/950/568 1081/950/568 1078/949/568
f 1081/950/568 1079/949/568 1078/949/568
f 1082/951/569 1083/951/569 1080/950/569
f 1083/951/569 1081/950/569 1080/950/569
f 1084/952/570 1085/952/570 1082/951/570
f 1085/952/570 1083/951/570 1082/951/570
f 1052/936/571 1053/936/571 1084/952/571
f 1053/936/571 1085/952/571 1084/952/571
f 1082/951/572 1056/938/572 1084/952/572
f 1056/938/572 1052/936/572 1084/952/572
f 1056/938/572 1054/937/572 1052/936/572
f 1054/937/572 1050/935/572 1052/936/572
f 1082/951/572 1080/950/572 1056/938/572
f 1080/950/572 1058/939/572 1056/938/572
f 1080/950/572 1078/949/572 1058/939/572
f 1078/949/572 1060/940/572 1058/939/572
f 1078/949/572 1062/941/572 1060/940/572
f 1064/942/572 1062/941/572 1066/943/572
f 1062/941/572 1068/944/572 1066/943/572
f 1062/941/572 1070/945/572 1068/944/572
f 1076/948/572 1074/947/572 1078/949/572
f 1074/947/572 1062/941/572 1078/949/572
f 1074/947/572 1072/946/572 1062/941/572
f 1072/946/572 1070/945/572 1062/941/572
f 1059/939/573 1085/952/573 1057/938/573
f 1085/952/573 1055/937/573 1057/938/573
f 1085/952/573 1053/936/573 1055/937/573
f 1053/936/573 1051/935/573 1055/937/573
f 1059/939/573 1061/940/573 1085/952/573
f 1061/940/573 1083/951/573 1085/952/573
f 1061/940/573 1063/941/573 1083/951/573
f 1063/941/573 1081/950/573 1083/951/573
f 1063/941/573 1079/949/573 1081/950/573
f 1077/948/573 1079/949/573 1075/947/573
f 1079/949/573 1073/946/573 1075/947/573
f 1079/949/573 1071/945/573 1073/946/573
f 1065/942/573 1067/943/573 1063/941/573
f 1067/943/573 1079/949/573 1063/941/573
f 1067/943/573 1069/944/573 1079/949/573
f 1069/944/573 1071/945/573 1079/949/573
o sandbox_mesh_031
usemtl tree_trunk_green
s 0
f 1086/953/574 1087/953/574 1088/954/574
f 1087/953/575 1086/953/575 1089/955/575
f 1090/956/576 1087/953/576 1089/955/576
f 1091/957/576 1092/958/576 1087/953/576
f 1087/953/576 1092/958/576 1093/954/576
f 1087/953/574 1093/954/574 1088/954/574
f 1090/956/576 1091/957/576 1087/953/576
f 1094/958/575 1088/954/575 1092/958/575
f 1094/958/577 1086/953/577 1088/954/577
f 1088/954/575 1093/954/575 1092/958/575
f 1086/953/577 1094/958/577 1095/956/577
f 1094/958/577 1096/957/577 1095/956/577
f 1091/957/578 1096/957/578 1094/958/578
f 1092/958/578 1091/957/578 1094/958/578
f 1095/956/577 1096/957/577 1097/959/577
f 1098/959/579 1097/959/579 1096/957/579
f 1091/957/579 1098/959/579 1096/957/579
f 1091/957/576 1090/956/576 1098/959/576
f 1098/959/574 1090/956/574 1097/959/574
f 1090/956/574 1095/956/574 1097/959/574
f 1086/953/577 1095/956/577 1099/960/577
f 1099/960/579 1095/956/579 1090/956/579
f 1100/955/574 1099/960/574 1101/960/574
f 1101/960/579 1099/960/579 1090/956/579
f 1100/955/577 1086/953/577 1099/960/577
f 1086/953/575 1100/955/575 1089/955/575
f 1089/955/574 1100/955/574 1101/960/574
f 1101/960/576 1090/956/576 1089/955/576
o sandbox_mesh_032
usemtl tree_canopy_green
s 0
f 1102/961/580 1103/961/580 1104/962/580
f 1103/961/580 1105/962/580 1104/962/580
f 1106/963/581 1107/963/581 1102/961/581
f 1107/963/581 1103/961/581 1102/961/581
f 1108/964/582 1109/964/582 1106/963/582
f 1109/964/582 1107/963/582 1106/963/582
f 1110/965/583 1111/965/583 1108/964/583
f 1111/965/583 1109/964/583 1108/964/583
f 1112/966/584 1113/966/584 1110/965/584
f 1113/966/584 1111/965/584 1110/965/584
f 1114/967/585 1115/967/585 1112/966/585
f 1115/967/585 1113/966/585 1112/966/585
f 1116/968/586 1117/968/586 1114/967/586
f 1117/968/586 1115/967/586 1114/967/586
f 1118/969/587 1119/969/587 1116/968/587
f 1119/969/587 1117/968/587 1116/968/587
f 1120/970/588 1121/970/588 1118/969/588
f 1121/970/588 1119/969/588 1118/969/588
f 1122/971/589 1123/971/589 1120/970/589
f 1123/971/589 1121/970/589 1120/970/589
f 1124/972/590 1125/972/590 1122/971/590
f 1125/972/590 1123/971/590 1122/971/590
f 1126/973/591 1127/973/591 1124/972/591
f 1127/973/591 1125/972/591 1124/972/591
f 1128/974/592 1129/974/592 1126/973/592
f 1129/974/592 1127/973/592 1126/973/592
f 1130/975/593 1131/975/593 1128/974/593
f 1131/975/593 1129/974/593 1128/974/593
f 1132/976/594 1133/976/594 1130/975/594
f 1133/976/594 1131/975/594 1130/975/594
f 1134/977/595 1135/977/595 1132/976/595
f 1135/977/595 1133/976/595 1132/976/595
f 1136/978/596 1137/978/596 1134/977/596
f 1137/978/596 1135/977/596 1134/977/596
f 1104/962/597 1105/962/597 1136/978/597
f 1105/962/597 1137/978/597 1136/978/597
f 1134/977/598 1108/964/598 1136/978/598
f 1108/964/598 1104/962/598 1136/978/598
f 1108/964/598 1106/963/598 1104/962/598
f 1106/963/598 1102/961/598 1104/962/598
f 1134/977/598 1132/976/598 1108/964/598
f 1132/976/598 1110/965/598 1108/964/598
f 1132/976/598 1130/975/598 1110/965/598
f 1130/975/598 1112/966/598 1110/965/598
f 1130/975/598 1114/967/598 1112/966/598
f 1116/968/598 1114/967/598 1118/969/598
f 1114/967/598 1120/970/598 1118/969/598
f 1114/967/598 1122/971/598 1120/970/598
f 1128/974/598 1126/973/598 1130/975/598
f 1126/973/598 1114/967/598 1130/975/598
f 1126/973/598 1124/972/598 1114/967/598
f 1124/972/598 1122/971/598 1114/967/598
f 1111/965/599 1137/978/599 1109/964/599
f 1137/978/599 1107/963/599 1109/964/599
f 1137/978/599 1105/962/599 1107/963/599
f 1105/962/599 1103/961/599 1107/963/599
f 1111/965/599 1113/966/599 1137/978/599
f 1113/966/599 1135/977/599 1137/978/599
f 1113/966/599 1115/967/599 1135/977/599
f 1115/967/599 1133/976/599 1135/977/599
f 1115/967/599 1131/975/599 1133/976/599
f 1129/974/599 1131/975/599 1127/973/599
f 1131/975/599 1125/972/599 1127/973/599
f 1131/975/599 1123/971/599 1125/972/599
f 1117/968/599 1119/969/599 1115/967/599
f 1119/969/599 1131/975/599 1115/967/599
f 1119/969/599 1121/970/599 1131/975/599
f 1121/970/599 1123/971/599 1131/975/599
o sandbox_mesh_033
usemtl tree_trunk_green
s 0
f 1138/979/600 1139/979/600 1140/980/600
f 1139/979/601 1138/979/601 1141/981/601
f 1142/982/602 1139/979/602 1141/981/602
f 1143/983/602 1144/984/602 1139/979/602
f 1139/979/602 1144/984/602 1145/980/602
f 1139/979/600 1145/980/600 1140/980/600
f 1142/982/602 1143/983/602 1139/979/602
f 1146/984/601 1140/980/601 1144/984/601
f 1146/984/603 1138/979/603 1140/980/603
f 1140/980/601 1145/980/601 1144/984/601
f 1138/979/603 1146/984/603 1147/982/603
f 1146/984/603 1148/983/603 1147/982/603
f 1143/983/604 1148/983/604 1146/984/604
f 1144/984/604 1143/983/604 1146/984/604
f 1147/982/603 1148/983/603 1149/985/603
f 1150/985/605 1149/985/605 1148/983/605
f 1143/983/605 1150/985/605 1148/983/605
f 1143/983/602 1142/982/602 1150/985/602
f 1150/985/600 1142/982/600 1149/985/600
f 1142/982/600 1147/982/600 1149/985/600
f 1138/979/603 1147/982/603 1151/986/603
f 1151/986/605 1147/982/605 1142/982/605
f 1152/981/600 1151/986/600 1153/986/600
f 1153/986/605 1151/986/605 1142/982/605
f 1152/981/603 1138/979/603 1151/986/603
f 1138/979/601 1152/981/601 1141/981/601
f 1141/981/600 1152/981/600 1153/986/600
f 1153/986/602 1142/982/602 1141/981/602
o sandbox_mesh_034
usemtl tree_canopy_green
s 0
f 1154/987/606 1155/987/606 1156/988/606
f 1155/987/606 1157/988/606 1156/988/606
f 1158/989/607 1159/989/607 1154/987/607
f 1159/989/607 1155/987/607 1154/987/607
f 1160/990/608 1161/990/608 1158/989/608
f 1161/990/608 1159/989/608 1158/989/608
f 1162/991/609 1163/991/609 1160/990/609
f 1163/991/609 1161/990/609 1160/990/609
f 1164/992/610 1165/992/610 1162/991/610
f 1165/992/610 1163/991/610 1162/991/610
f 1166/993/611 1167/993/611 1164/992/611
f 1167/993/611 1165/992/611 1164/992/611
f 1168/994/612 1169/994/612 1166/993/612
f 1169/994/612 1167/993/612 1166/993/612
f 1170/995/613 1171/995/613 1168/994/613
f 1171/995/613 1169/994/613 1168/994/613
f 1172/996/614 1173/996/614 1170/995/614
f 1173/996/614 1171/995/614 1170/995/614
f 1174/997/615 1175/997/615 1172/996/615
f 1175/997/615 1173/996/615 1172/996/615
f 1176/998/616 1177/998/616 1174/997/616
f 1177/998/616 1175/997/616 1174/997/616
f 1178/999/617 1179/999/617 1176/998/617
f 1179/999/617 1177/998/617 1176/998/617
f 1180/1000/618 1181/1000/618 1178/999/618
f 1181/1000/618 1179/999/618 1178/999/618
f 1182/1001/619 1183/1001/619 1180/1000/619
f 1183/1001/619 1181/1000/619 1180/1000/619
f 1184/1002/620 1185/1002/620 1182/1001/620
f 1185/1002/620 1183/1001/620 1182/1001/620
f 1186/1003/621 1187/1003/621 1184/1002/621
f 1187/1003/621 1185/1002/621 1184/1002/621
f 1188/1004/622 1189/1004/622 1186/1003/622
f 1189/1004/622 1187/1003/622 1186/1003/622
f 1156/988/623 1157/988/623 1188/1004/623
f 1157/988/623 1189/1004/623 1188/1004/623
f 1186/1003/624 1160/990/624 1188/1004/624
f 1160/990/624 1156/988/624 1188/1004/624
f 1160/990/624 1158/989/624 1156/988/624
f 1158/989/624 1154/987/624 1156/988/624
f 1186/1003/624 1184/1002/624 1160/990/624
f 1184/1002/624 1162/991/624 1160/990/624
f 1184/1002/624 1182/1001/624 1162/991/624
f 1182/1001/624 1164/992/624 1162/991/624
f 1182/1001/624 1166/993/624 1164/992/624
f 1168/994/624 1166/993/624 1170/995/624
f 1166/993/624 1172/996/624 1170/995/624
f 1166/993/624 1174/997/624 1172/996/624
f 1180/1000/624 1178/999/624 1182/1001/624
f 1178/999/624 1166/993/624 1182/1001/624
f 1178/999/624 1176/998/624 1166/993/624
f 1176/998/624 1174/997/624 1166/993/624
f 1163/991/625 1189/1004/625 1161/990/625
f 1189/1004/625 1159/989/625 1161/990/625
f 1189/1004/625 1157/988/625 1159/989/625
f 1157/988/625 1155/987/625 1159/989/625
f 1163/991/625 1165/992/625 1189/1004/625
f 1165/992/625 1187/1003/625 1189/1004/625
f 1165/992/625 1167/993/625 1187/1003/625
f 1167/993/625 1185/1002/625 1187/1003/625
f 1167/993/625 1183/1001/625 1185/1002/625
f 1181/1000/625 1183/1001/625 1179/999/625
f 1183/1001/625 1177/998/625 1179/999/625
f 1183/1001/625 1175/997/625 1177/998/625
f 1169/994/625 1171/995/625 1167/993/625
f 1171/995/625 1183/1001/625 1167/993/625
f 1171/995/625 1173/996/625 1183/1001/625
f 1173/996/625 1175/997/625 1183/1001/625
o sandbox_mesh_035
usemtl tree_trunk_green
s 0
f 1190/1005/626 1191/1005/626 1192/1006/626
f 1191/1005/627 1190/1005/627 1193/1007/627
f 1194/1008/628 1191/1005/628 1193/1007/628
f 1195/1009/628 1196/1010/628 1191/1005/628
f 1191/1005/628 1196/1010/628 1197/1006/628
f 1191/1005/626 1197/1006/626 1192/1006/626
f 1194/1008/628 1195/1009/628 1191/1005/628
f 1198/1010/627 1192/1006/627 1196/1010/627
f 1198/1010/629 1190/1005/629 1192/1006/629
f 1192/1006/627 1197/1006/627 1196/1010/627
f 1190/1005/629 1198/1010/629 1199/1008/629
f 1198/1010/629 1200/1009/629 1199/1008/629
f 1195/1009/630 1200/1009/630 1198/1010/630
f 1196/1010/630 1195/1009/630 1198/1010/630
f 1199/1008/629 1200/1009/629 1201/1011/629
f 1202/1011/631 1201/1011/631 1200/1009/631
f 1195/1009/631 1202/1011/631 1200/1009/631
f 1195/1009/628 1194/1008/628 1202/1011/628
f 1202/1011/626 1194/1008/626 1201/1011/626
f 1194/1008/626 1199/1008/626 1201/1011/626
f 1190/1005/629 1199/1008/629 1203/1012/629
f 1203/1012/631 1199/1008/631 1194/1008/631
f 1204/1007/626 1203/1012/626 1205/1012/626
f 1205/1012/631 1203/1012/631 1194/1008/631
f 1204/1007/629 1190/1005/629 1203/1012/629
f 1190/1005/627 1204/1007/627 1193/1007/627
f 1193/1007/626 1204/1007/626 1205/1012/626
f 1205/1012/628 1194/1008/628 1193/1007/628
o sandbox_mesh_036
usemtl tree_canopy_green
s 0
f 1206/1013/632 1207/1013/632 1208/1014/632
f 1207/1013/632 1209/1014/632 1208/1014/632
f 1210/1015/633 1211/1015/633 1206/1013/633
f 1211/1015/633 1207/1013/633 1206/1013/633
f 1212/1016/634 1213/1016/634 1210/1015/634
f 1213/1016/634 1211/1015/634 1210/1015/634
f 1214/1017/635 1215/1017/635 1212/1016/635
f 1215/1017/635 1213/1016/635 1212/1016/635
f 1216/1018/636 1217/1018/636 1214/1017/636
f 1217/1018/636 1215/1017/636 1214/1017/636
f 1218/1019/637 1219/1019/637 1216/1018/637
f 1219/1019/637 1217/1018/637 1216/1018/637
f 1220/1020/638 1221/1020/638 1218/1019/638
f 1221/1020/638 1219/1019/638 1218/1019/638
f 1222/1021/639 1223/1021/639 1220/1020/639
f 1223/1021/639 1221/1020/639 1220/1020/639
f 1224/1022/640 1225/1022/640 1222/1021/640
f 1225/1022/640 1223/1021/640 1222/1021/640
f 1226/1023/641 1227/1023/641 1224/1022/641
f 1227/1023/641 1225/1022/641 1224/1022/641
f 1228/1024/642 1229/1024/642 1226/1023/642
f 1229/1024/642 1227/1023/642 1226/1023/642
f 1230/1025/643 1231/1025/643 1228/1024/643
f 1231/1025/643 1229/1024/643 1228/1024/643
f 1232/1026/644 1233/1026/644 1230/1025/644
f 1233/1026/644 1231/1025/644 1230/1025/644
f 1234/1027/645 1235/1027/645 1232/1026/645
f 1235/1027/645 1233/1026/645 1232/1026/645
f 1236/1028/646 1237/1028/646 1234/1027/646
f 1237/1028/646 1235/1027/646 1234/1027/646
f 1238/1029/647 1239/1029/647 1236/1028/647
f 1239/1029/647 1237/1028/647 1236/1028/647
f 1240/1030/648 1241/1030/648 1238/1029/648
f 1241/1030/648 1239/1029/648 1238/1029/648
f 1208/1014/649 1209/1014/649 1240/1030/649
f 1209/1014/649 1241/1030/649 1240/1030/649
f 1238/1029/650 1212/1016/650 1240/1030/650
f 1212/1016/650 1208/1014/650 1240/1030/650
f 1212/1016/650 1210/1015/650 1208/1014/650
f 1210/1015/650 1206/1013/650 1208/1014/650
f 1238/1029/650 1236/1028/650 1212/1016/650
f 1236/1028/650 1214/1017/650 1212/1016/650
f 1236/1028/650 1234/1027/650 1214/1017/650
f 1234/1027/650 1216/1018/650 1214/1017/650
f 1234/1027/650 1218/1019/650 1216/1018/650
f 1220/1020/650 1218/1019/650 1222/1021/650
f 1218/1019/650 1224/1022/650 1222/1021/650
f 1218/1019/650 1226/1023/650 1224/1022/650
f 1232/1026/650 1230/1025/650 1234/1027/650
f 1230/1025/650 1218/1019/650 1234/1027/650
f 1230/1025/650 1228/1024/650 1218/1019/650
f 1228/1024/650 1226/1023/650 1218/1019/650
f 1215/1017/651 1241/1030/651 1213/1016/651
f 1241/1030/651 1211/1015/651 1213/1016/651
f 1241/1030/651 1209/1014/651 1211/1015/651
f 1209/1014/651 1207/1013/651 1211/1015/651
f 1215/1017/651 1217/1018/651 1241/1030/651
f 1217/1018/651 1239/1029/651 1241/1030/651
f 1217/1018/651 1219/1019/651 1239/1029/651
f 1219/1019/651 1237/1028/651 1239/1029/651
f 1219/1019/651 1235/1027/651 1237/1028/651
f 1233/1026/651 1235/1027/651 1231/1025/651
f 1235/1027/651 1229/1024/651 1231/1025/651
f 1235/1027/651 1227/1023/651 1229/1024/651
f 1221/1020/651 1223/1021/651 1219/1019/651
f 1223/1021/651 1235/1027/651 1219/1019/651
f 1223/1021/651 1225/1022/651 1235/1027/651
f 1225/1022/651 1227/1023/651 1235/1027/651
o sandbox_mesh_037
usemtl tree_trunk_green
s 0
f 1242/1031/652 1243/1031/652 1244/1032/652
f 1243/1031/653 1242/1031/653 1245/1033/653
f 1246/1034/654 1243/1031/654 1245/1033/654
f 1247/1035/654 1248/1036/654 1243/1031/654
f 1243/1031/654 1248/1036/654 1249/1032/654
f 1243/1031/652 1249/1032/652 1244/1032/652
f 1246/1034/654 1247/1035/654 1243/1031/654
f 1250/1036/653 1244/1032/653 1248/1036/653
f 1250/1036/655 1242/1031/655 1244/1032/655
f 1244/1032/653 1249/1032/653 1248/1036/653
f 1242/1031/655 1250/1036/655 1251/1034/655
f 1250/1036/655 1252/1035/655 1251/1034/655
f 1247/1035/656 1252/1035/656 1250/1036/656
f 1248/1036/656 1247/1035/656 1250/1036/656
f 1251/1034/655 1252/1035/655 1253/1037/655
f 1254/1037/657 1253/1037/657 1252/1035/657
f 1247/1035/657 1254/1037/657 1252/1035/657
f 1247/1035/654 1246/1034/654 1254/1037/654
f 1254/1037/652 1246/1034/652 1253/1037/652
f 1246/1034/652 1251/1034/652 1253/1037/652
f 1242/1031/655 1251/1034/655 1255/1038/655
f 1255/1038/657 1251/1034/657 1246/1034/657
f 1256/1033/652 1255/1038/652 1257/1038/652
f 1257/1038/657 1255/1038/657 1246/1034/657
f 1256/1033/655 1242/1031/655 1255/1038/655
f 1242/1031/653 1256/1033/653 1245/1033/653
f 1245/1033/652 1256/1033/652 1257/1038/652
f 1257/1038/654 1246/1034/654 1245/1033/654
o sandbox_mesh_038
usemtl tree_canopy_green
s 0
f 1258/1039/658 1259/1039/658 1260/1040/658
f 1259/1039/658 1261/1040/658 1260/1040/658
f 1262/1041/659 1263/1041/659 1258/1039/659
f 1263/1041/659 1259/1039/659 1258/1039/659
f 1264/1042/660 1265/1042/660 1262/1041/660
f 1265/1042/660 1263/1041/660 1262/1041/660
f 1266/1043/661 1267/1043/661 1264/1042/661
f 1267/1043/661 1265/1042/661 1264/1042/661
f 1268/1044/662 1269/1044/662 1266/1043/662
f 1269/1044/662 1267/1043/662 1266/1043/662
f 1270/1045/663 1271/1045/663 1268/1044/663
f 1271/1045/663 1269/1044/663 1268/1044/663
f 1272/1046/664 1273/1046/664 1270/1045/664
f 1273/1046/664 1271/1045/664 1270/1045/664
f 1274/1047/665 1275/1047/665 1272/1046/665
f 1275/1047/665 1273/1046/665 1272/1046/665
f 1276/1048/666 1277/1048/666 1274/1047/666
f 1277/1048/667 1275/1047/667 1274/1047/667
f 1278/1049/668 1279/1049/668 1276/1048/668
f 1279/1049/668 1277/1048/668 1276/1048/668
f 1280/1050/669 1281/1050/669 1278/1049/669
f 1281/1050/669 1279/1049/669 1278/1049/669
f 1282/1051/670 1283/1051/670 1280/1050/670
f 1283/1051/671 1281/1050/671 1280/1050/671
f 1284/1052/672 1285/1052/672 1282/1051/672
f 1285/1052/672 1283/1051/672 1282/1051/672
f 1286/1053/673 1287/1053/673 1284/1052/673
f 1287/1053/673 1285/1052/673 1284/1052/673
f 1288/1054/674 1289/1054/674 1286/1053/674
f 1289/1054/674 1287/1053/674 1286/1053/674
f 1290/1055/675 1291/1055/675 1288/1054/675
f 1291/1055/675 1289/1054/675 1288/1054/675
f 1292/1056/676 1293/1056/676 1290/1055/676
f 1293/1056/676 1291/1055/676 1290/1055/676
f 1260/1040/677 1261/1040/677 1292/1056/677
f 1261/1040/677 1293/1056/677 1292/1056/677
f 1290/1055/678 1264/1042/678 1292/1056/678
f 1264/1042/678 1260/1040/678 1292/1056/678
f 1264/1042/678 1262/1041/678 1260/1040/678
f 1262/1041/678 1258/1039/678 1260/1040/678
f 1290/1055/678 1288/1054/678 1264/1042/678
f 1288/1054/678 1266/1043/678 1264/1042/678
f 1288/1054/678 1286/1053/678 1266/1043/678
f 1286/1053/678 1268/1044/678 1266/1043/678
f 1286/1053/678 1270/1045/678 1268/1044/678
f 1272/1046/678 1270/1045/678 1274/1047/678
f 1270/1045/678 1276/1048/678 1274/1047/678
f 1270/1045/678 1278/1049/678 1276/1048/678
f 1284/1052/678 1282/1051/678 1286/1053/678
f 1282/1051/678 1270/1045/678 1286/1053/678
f 1282/1051/678 1280/1050/678 1270/1045/678
f 1280/1050/678 1278/1049/678 1270/1045/678
f 1267/1043/679 1293/1056/679 1265/1042/679
f 1293/1056/679 1263/1041/679 1265/1042/679
f 1293/1056/679 1261/1040/679 1263/1041/679
f 1261/1040/679 1259/1039/679 1263/1041/679
f 1267/1043/679 1269/1044/679 1293/1056/679
f 1269/1044/679 1291/1055/679 1293/1056/679
f 1269/1044/679 1271/1045/679 1291/1055/679
f 1271/1045/679 1289/1054/679 1291/1055/679
f 1271/1045/679 1287/1053/679 1289/1054/679
f 1285/1052/679 1287/1053/679 1283/1051/679
f 1287/1053/679 1281/1050/679 1283/1051/679
f 1287/1053/679 1279/1049/679 1281/1050/679
f 1273/1046/679 1275/1047/679 1271/1045/679
f 1275/1047/679 1287/1053/679 1271/1045/679
f 1275/1047/679 1277/1048/679 1287/1053/679
f 1277/1048/679 1279/1049/679 1287/1053/679
o sandbox_mesh_039
usemtl tree_trunk_green
s 0
f 1294/1057/680 1295/1057/680 1296/1058/680
f 1295/1057/681 1294/1057/681 1297/1059/681
f 1298/1060/682 1295/1057/682 1297/1059/682
f 1299/1061/682 1300/1062/682 1295/1057/682
f 1295/1057/682 1300/1062/682 1301/1058/682
f 1295/1057/680 1301/1058/680 1296/1058/680
f 1298/1060/682 1299/1061/682 1295/1057/682
f 1302/1062/681 1296/1058/681 1300/1062/681
f 1302/1062/683 1294/1057/683 1296/1058/683
f 1296/1058/681 1301/1058/681 1300/1062/681
f 1294/1057/683 1302/1062/683 1303/1060/683
f 1302/1062/683 1304/1061/683 1303/1060/683
f 1299/1061/684 1304/1061/684 1302/1062/684
f 1300/1062/684 1299/1061/684 1302/1062/684
f 1303/1060/683 1304/1061/683 1305/1063/683
f 1306/1063/685 1305/1063/685 1304/1061/685
f 1299/1061/685 1306/1063/685 1304/1061/685
f 1299/1061/682 1298/1060/682 1306/1063/682
f 1306/1063/680 1298/1060/680 1305/1063/680
f 1298/1060/680 1303/1060/680 1305/1063/680
f 1294/1057/683 1303/1060/683 1307/1064/683
f 1307/1064/685 1303/1060/685 1298/1060/685
f 1308/1059/680 1307/1064/680 1309/1064/680
f 1309/1064/685 1307/1064/685 1298/1060/685
f 1308/1059/683 1294/1057/683 1307/1064/683
f 1294/1057/681 1308/1059/681 1297/1059/681
f 1297/1059/680 1308/1059/680 1309/1064/680
f 1309/1064/682 1298/1060/682 1297/1059/682
o sandbox_mesh_040
usemtl tree_canopy_green
s 0
f 1310/1065/686 1311/1065/686 1312/1066/686
f 1311/1065/686 1313/1066/686 1312/1066/686
f 1314/1067/687 1315/1067/687 1310/1065/687
f 1315/1067/687 1311/1065/687 1310/1065/687
f 1316/1068/688 1317/1068/688 1314/1067/688
f 1317/1068/688 1315/1067/688 1314/1067/688
f 1318/1069/689 1319/1069/689 1316/1068/689
f 1319/1069/689 1317/1068/689 1316/1068/689
f 1320/1070/690 1321/1070/690 1318/1069/690
f 1321/1070/690 1319/1069/690 1318/1069/690
f 1322/1071/691 1323/1071/691 1320/1070/691
f 1323/1071/691 1321/1070/691 1320/1070/691
f 1324/1072/692 1325/1072/692 1322/1071/692
f 1325/1072/692 1323/1071/692 1322/1071/692
f 1326/1073/693 1327/1073/693 1324/1072/693
f 1327/1073/693 1325/1072/693 1324/1072/693
f 1328/1074/694 1329/1074/694 1326/1073/694
f 1329/1074/694 1327/1073/694 1326/1073/694
f 1330/1075/695 1331/1075/695 1328/1074/695
f 1331/1075/695 1329/1074/695 1328/1074/695
f 1332/1076/696 1333/1076/696 1330/1075/696
f 1333/1076/696 1331/1075/696 1330/1075/696
f 1334/1077/697 1335/1077/697 1332/1076/697
f 1335/1077/697 1333/1076/697 1332/1076/697
f 1336/1078/698 1337/1078/698 1334/1077/698
f 1337/1078/698 1335/1077/698 1334/1077/698
f 1338/1079/699 1339/1079/699 1336/1078/699
f 1339/1079/699 1337/1078/699 1336/1078/699
f 1340/1080/700 1341/1080/700 1338/1079/700
f 1341/1080/700 1339/1079/700 1338/1079/700
f 1342/1081/701 1343/1081/701 1340/1080/701
f 1343/1081/701 1341/1080/701 1340/1080/701
f 1344/1082/702 1345/1082/702 1342/1081/702
f 1345/1082/702 1343/1081/702 1342/1081/702
f 1312/1066/703 1313/1066/703 1344/1082/703
f 1313/1066/703 1345/1082/703 1344/1082/703
f 1342/1081/704 1316/1068/704 1344/1082/704
f 1316/1068/704 1312/1066/704 1344/1082/704
f 1316/1068/704 1314/1067/704 1312/1066/704
f 1314/1067/704 1310/1065/704 1312/1066/704
f 1342/1081/704 1340/1080/704 1316/1068/704
f 1340/1080/704 1318/1069/704 1316/1068/704
f 1340/1080/704 1338/1079/704 1318/1069/704
f 1338/1079/704 1320/1070/704 1318/1069/704
f 1338/1079/704 1322/1071/704 1320/1070/704
f 1324/1072/704 1322/1071/704 1326/1073/704
f 1322/1071/704 1328/1074/704 1326/1073/704
f 1322/1071/704 1330/1075/704 1328/1074/704
f 1336/1078/704 1334/1077/704 1338/1079/704
f 1334/1077/704 1322/1071/704 1338/1079/704
f 1334/1077/704 1332/1076/704 1322/1071/704
f 1332/1076/704 1330/1075/704 1322/1071/704
f 1319/1069/705 1345/1082/705 1317/1068/705
f 1345/1082/705 1315/1067/705 1317/1068/705
f 1345/1082/705 1313/1066/705 1315/1067/705
f 1313/1066/705 1311/1065/705 1315/1067/705
f 1319/1069/705 1321/1070/705 1345/1082/705
f 1321/1070/705 1343/1081/705 1345/1082/705
f 1321/1070/705 1323/1071/705 1343/1081/705
f 1323/1071/705 1341/1080/705 1343/1081/705
f 1323/1071/705 1339/1079/705 1341/1080/705
f 1337/1078/705 1339/1079/705 1335/1077/705
f 1339/1079/705 1333/1076/705 1335/1077/705
f 1339/1079/705 1331/1075/705 1333/1076/705
f 1325/1072/705 1327/1073/705 1323/1071/705
f 1327/1073/705 1339/1079/705 1323/1071/705
f 1327/1073/705 1329/1074/705 1339/1079/705
f 1329/1074/705 1331/1075/705 1339/1079/705
o sandbox_mesh_041
usemtl tree_trunk_green
s 0
f 1346/1083/706 1347/1083/706 1348/1084/706
f 1347/1083/707 1346/1083/707 1349/1085/707
f 1350/1086/708 1347/1083/708 1349/1085/708
f 1351/1087/708 1352/1088/708 1347/1083/708
f 1347/1083/708 1352/1088/708 1353/1084/708
f 1347/1083/706 1353/1084/706 1348/1084/706
f 1350/1086/708 1351/1087/708 1347/1083/708
f 1354/1088/707 1348/1084/707 1352/1088/707
f 1354/1088/709 1346/1083/709 1348/1084/709
f 1348/1084/707 1353/1084/707 1352/1088/707
f 1346/1083/709 1354/1088/709 1355/1086/709
f 1354/1088/709 1356/1087/709 1355/1086/709
f 1351/1087/710 1356/1087/710 1354/1088/710
f 1352/1088/710 1351/1087/710 1354/1088/710
f 1355/1086/709 1356/1087/709 1357/1089/709
f 1358/1089/711 1357/1089/711 1356/1087/711
f 1351/1087/711 1358/1089/711 1356/1087/711
f 1351/1087/708 1350/1086/708 1358/1089/708
f 1358/1089/706 1350/1086/706 1357/1089/706
f 1350/1086/706 1355/1086/706 1357/1089/706
f 1346/1083/709 1355/1086/709 1359/1090/709
f 1359/1090/711 1355/1086/711 1350/1086/711
f 1360/1085/706 1359/1090/706 1361/1090/706
f 1361/1090/711 1359/1090/711 1350/1086/711
f 1360/1085/709 1346/1083/709 1359/1090/709
f 1346/1083/707 1360/1085/707 1349/1085/707
f 1349/1085/706 1360/1085/706 1361/1090/706
f 1361/1090/708 1350/1086/708 1349/1085/708
o sandbox_mesh_042
usemtl tree_canopy_green
s 0
f 1362/1091/712 1363/1091/712 1364/1092/712
f 1363/1091/712 1365/1092/712 1364/1092/712
f 1366/1093/713 1367/1093/713 1362/1091/713
f 1367/1093/713 1363/1091/713 1362/1091/713
f 1368/1094/714 1369/1094/714 1366/1093/714
f 1369/1094/714 1367/1093/714 1366/1093/714
f 1370/1095/715 1371/1095/715 1368/1094/715
f 1371/1095/715 1369/1094/715 1368/1094/715
f 1372/1096/716 1373/1096/716 1370/1095/716
f 1373/1096/716 1371/1095/716 1370/1095/716
f 1374/1097/717 1375/1097/717 1372/1096/717
f 1375/1097/717 1373/1096/717 1372/1096/717
f 1376/1098/718 1377/1098/718 1374/1097/718
f 1377/1098/718 1375/1097/718 1374/1097/718
f 1378/1099/719 1379/1099/719 1376/1098/719
f 1379/1099/719 1377/1098/719 1376/1098/719
f 1380/1100/720 1381/1100/720 1378/1099/720
f 1381/1100/720 1379/1099/720 1378/1099/720
f 1382/1101/721 1383/1101/721 1380/1100/721
f 1383/1101/721 1381/1100/721 1380/1100/721
f 1384/1102/722 1385/1102/722 1382/1101/722
f 1385/1102/722 1383/1101/722 1382/1101/722
f 1386/1103/723 1387/1103/723 1384/1102/723
f 1387/1103/723 1385/1102/723 1384/1102/723
f 1388/1104/724 1389/1104/724 1386/1103/724
f 1389/1104/724 1387/1103/724 1386/1103/724
f 1390/1105/725 1391/1105/725 1388/1104/725
f 1391/1105/725 1389/1104/725 1388/1104/725
f 1392/1106/726 1393/1106/726 1390/1105/726
f 1393/1106/726 1391/1105/726 1390/1105/726
f 1394/1107/727 1395/1107/727 1392/1106/727
f 1395/1107/727 1393/1106/727 1392/1106/727
f 1396/1108/728 1397/1108/728 1394/1107/728
f 1397/1108/728 1395/1107/728 1394/1107/728
f 1364/1092/729 1365/1092/729 1396/1108/729
f 1365/1092/729 1397/1108/729 1396/1108/729
f 1394/1107/730 1368/1094/730 1396/1108/730
f 1368/1094/730 1364/1092/730 1396/1108/730
f 1368/1094/730 1366/1093/730 1364/1092/730
f 1366/1093/730 1362/1091/730 1364/1092/730
f 1394/1107/730 1392/1106/730 1368/1094/730
f 1392/1106/730 1370/1095/730 1368/1094/730
f 1392/1106/730 1390/1105/730 1370/1095/730
f 1390/1105/730 1372/1096/730 1370/1095/730
f 1390/1105/730 1374/1097/730 1372/1096/730
f 1376/1098/730 1374/1097/730 1378/1099/730
f 1374/1097/730 1380/1100/730 1378/1099/730
f 1374/1097/730 1382/1101/730 1380/1100/730
f 1388/1104/730 1386/1103/730 1390/1105/730
f 1386/1103/730 1374/1097/730 1390/1105/730
f 1386/1103/730 1384/1102/730 1374/1097/730
f 1384/1102/730 1382/1101/730 1374/1097/730
f 1371/1095/731 1397/1108/731 1369/1094/731
f 1397/1108/731 1367/1093/731 1369/1094/731
f 1397/1108/731 1365/1092/731 1367/1093/731
f 1365/1092/731 1363/1091/731 1367/1093/731
f 1371/1095/731 1373/1096/731 1397/1108/731
f 1373/1096/731 1395/1107/731 1397/1108/731
f 1373/1096/731 1375/1097/731 1395/1107/731
f 1375/1097/731 1393/1106/731 1395/1107/731
f 1375/1097/731 1391/1105/731 1393/1106/731
f 1389/1104/731 1391/1105/731 1387/1103/731
f 1391/1105/731 1385/1102/731 1387/1103/731
f 1391/1105/731 1383/1101/731 1385/1102/731
f 1377/1098/731 1379/1099/731 1375/1097/731
f 1379/1099/731 1391/1105/731 1375/1097/731
f 1379/1099/731 1381/1100/731 1391/1105/731
f 1381/1100/731 1383/1101/731 1391/1105/731
o sandbox_mesh_043
usemtl tree_trunk_green
s 0
f 1398/1109/732 1399/1109/732 1400/1110/732
f 1399/1109/733 1398/1109/733 1401/1111/733
f 1402/1112/734 1399/1109/734 1401/1111/734
f 1403/1113/734 1404/1114/734 1399/1109/734
f 1399/1109/734 1404/1114/734 1405/1110/734
f 1399/1109/732 1405/1110/732 1400/1110/732
f 1402/1112/734 1403/1113/734 1399/1109/734
f 1406/1114/733 1400/1110/733 1404/1114/733
f 1406/1114/735 1398/1109/735 1400/1110/735
f 1400/1110/733 1405/1110/733 1404/1114/733
f 1398/1109/735 1406/1114/735 1407/1112/735
f 1406/1114/735 1408/1113/735 1407/1112/735
f 1403/1113/736 1408/1113/736 1406/1114/736
f 1404/1114/736 1403/1113/736 1406/1114/736
f 1407/1112/735 1408/1113/735 1409/1115/735
f 1410/1115/737 1409/1115/737 1408/1113/737
f 1403/1113/737 1410/1115/737 1408/1113/737
f 1403/1113/734 1402/1112/734 1410/1115/734
f 1410/1115/732 1402/1112/732 1409/1115/732
f 1402/1112/732 1407/1112/732 1409/1115/732
f 1398/1109/735 1407/1112/735 1411/1116/735
f 1411/1116/737 1407/1112/737 1402/1112/737
f 1412/1111/732 1411/1116/732 1413/1116/732
f 1413/1116/737 1411/1116/737 1402/1112/737
f 1412/1111/735 1398/1109/735 1411/1116/735
f 1398/1109/733 1412/1111/733 1401/1111/733
f 1401/1111/732 1412/1111/732 1413/1116/732
f 1413/1116/734 1402/1112/734 1401/1111/734
o sandbox_mesh_045
usemtl platform_graphite
s 0
f 1414/1117/738 1415/1118/738 1416/1119/738 1417/1120/738
f 1417/1120/739 1416/1119/739 1418/1121/739 1419/1122/739
f 1419/1122/740 1418/1121/740 1420/1123/740 1421/1124/740
f 1421/1124/741 1420/1123/741 1415/1125/741 1414/1126/741
f 1417/1127/742 1419/1122/742 1421/1124/742 1414/1128/742
usemtl platform_deck
s 0
f 1418/1129/743 1416/1130/743 1415/1131/743 1420/1132/743
o sandbox_mesh_046
usemtl platform_graphite
s 0
f 1422/1133/744 1423/1134/744 1424/1135/744 1425/1136/744
f 1426/1137/745 1427/1138/745 1424/1139/745 1423/1140/745
f 1428/1141/746 1425/1142/746 1424/1143/746 1427/1144/746
f 1429/1145/747 1430/1146/747 1431/1147/747 1432/1148/747
f 1433/1149/748 1434/1150/748 1431/1151/748 1430/1152/748
f 1435/1153/749 1432/1154/749 1431/1155/749 1434/1156/749
f 1436/1157/750 1437/1158/750 1438/1159/750 1439/1160/750
f 1440/1161/751 1441/1162/751 1438/1163/751 1437/1164/751
f 1442/1165/752 1439/1166/752 1438/1163/752 1441/1162/752
f 1443/1167/753 1444/1168/753 1445/1169/753 1446/1170/753
f 1447/1171/754 1448/1172/754 1445/1173/754 1444/1174/754
f 1449/1175/755 1446/1176/755 1445/1173/755 1448/1172/755
f 1450/1177/756 1451/1178/756 1452/1179/756 1453/1180/756
f 1454/1181/757 1455/1182/757 1452/1179/757 1451/1178/757
f 1456/1183/758 1453/1180/758 1452/1179/758 1455/1182/758
f 1457/1184/759 1458/1185/759 1459/1186/759 1460/1187/759
f 1461/1188/760 1462/1189/760 1459/1186/760 1458/1185/760
f 1463/1190/761 1460/1187/761 1459/1186/761 1462/1189/761
f 1464/1191/762 1465/1192/762 1466/1193/762 1467/1194/762
f 1468/1195/763 1469/1196/763 1466/1193/763 1465/1192/763
f 1470/1197/764 1467/1194/764 1466/1193/764 1469/1196/764
f 1471/1198/765 1472/1199/765 1473/1200/765 1474/1201/765
f 1475/1202/766 1476/1203/766 1473/1200/766 1472/1199/766
f 1477/1204/767 1474/1201/767 1473/1200/767 1476/1203/767
f 1436/1157/768 1422/1133/768 1425/1136/768 1437/1158/768
f 1437/1164/769 1425/1142/769 1428/1141/769 1440/1161/769
f 1426/1137/770 1429/1145/770 1432/1148/770 1427/1138/770
f 1427/1144/771 1432/1154/771 1435/1153/771 1428/1141/771
f 1433/1149/772 1443/1167/772 1446/1170/772 1434/1150/772
f 1434/1156/773 1446/1176/773 1449/1175/773 1435/1153/773
f 1447/1171/774 1442/1165/774 1441/1162/774 1448/1172/774
f 1448/1172/775 1441/1162/775 1440/1161/775 1449/1175/775
f 1464/1191/776 1436/1157/776 1439/1160/776 1465/1192/776
f 1465/1192/777 1439/1166/777 1442/1165/777 1468/1195/777
f 1443/1167/778 1471/1198/778 1474/1201/778 1444/1168/778
f 1444/1174/779 1474/1201/779 1477/1204/779 1447/1171/779
f 1475/1202/780 1470/1197/780 1469/1196/780 1476/1203/780
f 1476/1203/781 1469/1196/781 1468/1195/781 1477/1204/781
f 1450/1177/782 1464/1191/782 1467/1194/782 1451/1178/782
f 1451/1178/783 1467/1194/783 1470/1197/783 1454/1181/783
f 1471/1198/784 1457/1184/784 1460/1187/784 1472/1199/784
f 1472/1199/785 1460/1187/785 1463/1190/785 1475/1202/785
f 1461/1188/786 1456/1183/786 1455/1182/786 1462/1189/786
f 1462/1189/787 1455/1182/787 1454/1181/787 1463/1190/787
f 1422/1133/788 1450/1177/788 1453/1180/788 1423/1134/788
f 1423/1140/789 1453/1180/789 1456/1183/789 1426/1137/789
f 1457/1184/790 1433/1149/790 1430/1152/790 1458/1185/790
f 1458/1185/791 1430/1146/791 1429/1145/791 1461/1188/791
f 1436/1157/792 1464/1191/792 1450/1177/792 1422/1133/792
f 1428/1141/793 1435/1153/793 1449/1175/793 1440/1161/793
f 1456/1183/794 1461/1188/794 1429/1145/794 1426/1137/794
f 1471/1198/795 1443/1167/795 1433/1149/795 1457/1184/795
f 1442/1165/796 1447/1171/796 1477/1204/796 1468/1195/796
f 1470/1197/797 1475/1202/797 1463/1190/797 1454/1181/797
o sandbox_mesh_047
usemtl platform_pedestal
s 0
f 1478//798 1479//798 1480//798 1481//798
f 1479//799 1482//799 1483//799 1480//799
f 1484//800 1485//800 1483//800 1482//800
f 1485//801 1486//801 1487//801 1483//801
f 1488//802 1489//802 1487//802 1486//802
f 1489//803 1481//803 1480//803 1487//803
f 1480//804 1483//804 1487//804
f 1490//805 1491//805 1492//805 1493//805
f 1491//806 1494//806 1495//806 1492//806
f 1496//807 1497//807 1495//807 1494//807
f 1497//808 1498//808 1499//808 1495//808
f 1500//809 1501//809 1499//809 1498//809
f 1501//810 1493//810 1492//810 1499//810
f 1492//811 1495//811 1499//811
f 1502//812 1503//812 1504//812 1505//812
f 1503//813 1506//813 1507//813 1504//813
f 1508//814 1509//814 1507//814 1506//814
f 1509//815 1510//815 1511//815 1507//815
f 1512//816 1513//816 1511//816 1510//816
f 1513//817 1505//817 1504//817 1511//817
f 1504//818 1507//818 1511//818
f 1514//819 1515//819 1516//819 1517//819
f 1515//820 1518//820 1519//820 1516//820
f 1520//821 1521//821 1519//821 1518//821
f 1521//822 1522//822 1523//822 1519//822
f 1524//823 1525//823 1523//823 1522//823
f 1525//824 1517//824 1516//824 1523//824
f 1516//825 1519//825 1523//825
f 1526//826 1527//826 1528//826 1529//826
f 1527//827 1530//827 1531//827 1528//827
f 1532//828 1533//828 1531//828 1530//828
f 1533//829 1534//829 1535//829 1531//829
f 1536//830 1537//830 1535//830 1534//830
f 1537//831 1529//831 1528//831 1535//831
f 1528//832 1531//832 1535//832
f 1538//833 1539//833 1540//833 1541//833
f 1539//834 1542//834 1543//834 1540//834
f 1544//835 1545//835 1543//835 1542//835
f 1545//836 1546//836 1547//836 1543//836
f 1548//837 1549//837 1547//837 1546//837
f 1549//838 1541//838 1540//838 1547//838
f 1540//839 1543//839 1547//839
f 1550//840 1551//840 1552//840 1553//840
f 1551//841 1554//841 1555//841 1552//841
f 1556//842 1557//842 1555//842 1554//842
f 1557//843 1558//843 1559//843 1555//843
f 1560//844 1561//844 1559//844 1558//844
f 1561//845 1553//845 1552//845 1559//845
f 1552//846 1555//846 1559//846
f 1562//847 1563//847 1564//847 1565//847
f 1563//848 1566//848 1567//848 1564//848
f 1568//849 1569//849 1567//849 1566//849
f 1569//850 1570//850 1571//850 1567//850
f 1572//851 1573//851 1571//851 1570//851
f 1573//852 1565//852 1564//852 1571//852
f 1564//853 1567//853 1571//853
f 1574//854 1575//854 1576//854 1577//854
f 1575//855 1578//855 1579//855 1576//855
f 1580//856 1581//856 1579//856 1578//856
f 1581//857 1582//857 1583//857 1579//857
f 1584//858 1585//858 1583//858 1582//858
f 1585//859 1586//859 1587//859 1583//859
f 1588//860 1589//860 1587//860 1586//860
f 1589//861 1577//861 1576//861 1587//861
f 1576//862 1579//862 1583//862 1587//862
f 1590//863 1591//863 1592//863 1593//863
f 1591//864 1594//864 1595//864 1592//864
f 1596//865 1597//865 1595//865 1594//865
f 1597//866 1598//866 1599//866 1595//866
f 1600//867 1601//867 1599//867 1598//867
f 1601//868 1602//868 1603//868 1599//868
f 1604//869 1605//869 1603//869 1602//869
f 1605//870 1593//870 1592//870 1603//870
f 1592//871 1595//871 1599//871 1603//871
f 1606//872 1607//872 1608//872 1609//872
f 1607//873 1610//873 1611//873 1608//873
f 1612//874 1613//874 1611//874 1610//874
f 1613//875 1614//875 1615//875 1611//875
f 1616//876 1617//876 1615//876 1614//876
f 1617//877 1618//877 1619//877 1615//877
f 1620//878 1621//878 1619//878 1618//878
f 1621//879 1609//879 1608//879 1619//879
f 1608//880 1611//880 1615//880 1619//880
f 1622//881 1623//881 1624//881 1625//881
f 1623//882 1626//882 1627//882 1624//882
f 1628//883 1629//883 1627//883 1626//883
f 1629//884 1630//884 1631//884 1627//884
f 1632//885 1633//885 1631//885 1630//885
f 1633//886 1634//886 1635//886 1631//886
f 1636//887 1637//887 1635//887 1634//887
f 1637//888 1625//888 1624//888 1635//888
f 1624//889 1627//889 1631//889 1635//889
f 1638//890 1639//890 1640//890 1641//890
f 1639//891 1642//891 1643//891 1640//891
f 1644//892 1645//892 1643//892 1642//892
f 1645//893 1646//893 1647//893 1643//893
f 1648//894 1649//894 1647//894 1646//894
f 1649//895 1650//895 1651//895 1647//895
f 1652//896 1653//896 1651//896 1650//896
f 1653//897 1641//897 1640//897 1651//897
f 1640//898 1643//898 1647//898 1651//898
f 1654//899 1655//899 1656//899 1657//899
f 1655//900 1658//900 1659//900 1656//900
f 1660//901 1661//901 1659//901 1658//901
f 1661//902 1662//902 1663//902 1659//902
f 1664//903 1665//903 1663//903 1662//903
f 1665//904 1666//904 1667//904 1663//904
f 1668//905 1669//905 1667//905 1666//905
f 1669//906 1657//906 1656//906 1667//906
f 1656//907 1659//907 1663//907 1667//907
f 1670//908 1671//908 1672//908 1673//908
f 1671//909 1674//909 1675//909 1672//909
f 1676//910 1677//910 1675//910 1674//910
f 1677//911 1678//911 1679//911 1675//911
f 1680//912 1681//912 1679//912 1678//912
f 1681//913 1682//913 1683//913 1679//913
f 1684//914 1685//914 1683//914 1682//914
f 1685//915 1673//915 1672//915 1683//915
f 1672//916 1675//916 1679//916 1683//916
f 1686//917 1687//917 1688//917 1689//917
f 1687//918 1690//918 1691//918 1688//918
f 1692//919 1693//919 1691//919 1690//919
f 1693//920 1694//920 1695//920 1691//920
f 1696//921 1697//921 1695//921 1694//921
f 1697//922 1698//922 1699//922 1695//922
f 1700//923 1701//923 1699//923 1698//923
f 1701//924 1689//924 1688//924 1699//924
f 1688//925 1691//925 1695//925 1699//925
f 1702//926 1703//926 1704//926 1705//926
f 1703//927 1706//927 1707//927 1704//927
f 1708//928 1709//928 1707//928 1706//928
f 1709//929 1710//929 1711//929 1707//929
f 1712//930 1713//930 1711//930 1710//930
f 1713//931 1705//931 1704//931 1711//931
f 1704//932 1707//932 1711//932
f 1714//933 1715//933 1716//933 1717//933
f 1715//934 1718//934 1719//934 1716//934
f 1720//935 1721//935 1719//935 1718//935
f 1721//936 1722//936 1723//936 1719//936
f 1724//937 1725//937 1723//937 1722//937
f 1725//938 1717//938 1716//938 1723//938
f 1716//939 1719//939 1723//939
f 1726//940 1727//940 1728//940 1729//940
f 1727//941 1730//941 1731//941 1728//941
f 1732//942 1733//942 1731//942 1730//942
f 1733//943 1734//943 1735//943 1731//943
f 1736//944 1737//944 1735//944 1734//944
f 1737//945 1729//945 1728//945 1735//945
f 1728//946 1731//946 1735//946
f 1738//947 1739//947 1740//947 1741//947
f 1739//948 1742//948 1743//948 1740//948
f 1744//949 1745//949 1743//949 1742//949
f 1745//950 1746//950 1747//950 1743//950
f 1748//951 1749//951 1747//951 1746//951
f 1749//952 1741//952 1740//952 1747//952
f 1740//953 1743//953 1747//953
f 1750//954 1751//954 1752//954 1753//954
f 1751//955 1754//955 1755//955 1752//955
f 1756//956 1757//956 1755//956 1754//956
f 1757//957 1758//957 1759//957 1755//957
f 1760//958 1761//958 1759//958 1758//958
f 1761//959 1753//959 1752//959 1759//959
f 1752//960 1755//960 1759//960
f 1762//961 1763//961 1764//961 1765//961
f 1763//962 1766//962 1767//962 1764//962
f 1768//963 1769//963 1767//963 1766//963
f 1769//964 1770//964 1771//964 1767//964
f 1772//965 1773//965 1771//965 1770//965
f 1773//966 1765//966 1764//966 1771//966
f 1764//967 1767//967 1771//967
f 1774//968 1775//968 1776//968 1777//968
f 1775//969 1778//969 1779//969 1776//969
f 1780//970 1781//970 1779//970 1778//970
f 1781//971 1782//971 1783//971 1779//971
f 1784//972 1785//972 1783//972 1782//972
f 1785//973 1777//973 1776//973 1783//973
f 1776//974 1779//974 1783//974
f 1786//975 1787//975 1788//975 1789//975
f 1787//976 1790//976 1791//976 1788//976
f 1792//977 1793//977 1791//977 1790//977
f 1793//978 1794//978 1795//978 1791//978
f 1796//979 1797//979 1795//979 1794//979
f 1797//980 1789//980 1788//980 1795//980
f 1788//981 1791//981 1795//981
f 1478//982 1562//982 1565//982 1479//982
f 1479//983 1565//983 1573//983 1482//983
f 1482//984 1573//984 1572//984 1484//984
f 1560//985 1572//985 1570//985 1561//985
f 1561//986 1570//986 1569//986 1553//986
f 1553//987 1569//987 1568//987 1550//987
f 1548//988 1560//988 1558//988 1549//988
f 1549//989 1558//989 1557//989 1541//989
f 1541//990 1557//990 1556//990 1538//990
f 1536//991 1548//991 1546//991 1537//991
f 1537//992 1546//992 1545//992 1529//992
f 1529//993 1545//993 1544//993 1526//993
f 1524//994 1536//994 1534//994 1525//994
f 1525//995 1534//995 1533//995 1517//995
f 1517//996 1533//996 1532//996 1514//996
f 1512//997 1524//997 1522//997 1513//997
f 1513//998 1522//998 1521//998 1505//998
f 1505//999 1521//999 1520//999 1502//999
f 1500//1000 1512//1000 1510//1000 1501//1000
f 1501//1001 1510//1001 1509//1001 1493//1001
f 1493//1002 1509//1002 1508//1002 1490//1002
f 1484//1003 1500//1003 1498//1003 1485//1003
f 1485//1004 1498//1004 1497//1004 1486//1004
f 1486//1005 1497//1005 1496//1005 1488//1005
f 1488//1006 1798//1006 1799//1006 1489//1006
f 1489//1007 1799//1007 1800//1007 1481//1007
f 1481//1008 1800//1008 1801//1008 1478//1008
f 1490//1009 1802//1009 1803//1009 1491//1009
f 1491//1010 1803//1010 1804//1010 1494//1010
f 1494//1011 1804//1011 1805//1011 1496//1011
f 1502//1012 1806//1012 1807//1012 1503//1012
f 1503//1013 1807//1013 1808//1013 1506//1013
f 1506//1014 1808//1014 1809//1014 1508//1014
f 1514//1015 1810//1015 1811//1015 1515//1015
f 1515//1016 1811//1016 1812//1016 1518//1016
f 1518//1017 1812//1017 1813//1017 1520//1017
f 1526//1018 1814//1018 1815//1018 1527//1018
f 1527//1019 1815//1019 1816//1019 1530//1019
f 1530//1020 1816//1020 1817//1020 1532//1020
f 1538//1021 1818//1021 1819//1021 1539//1021
f 1539//1022 1819//1022 1820//1022 1542//1022
f 1542//1023 1820//1023 1821//1023 1544//1023
f 1550//1024 1822//1024 1823//1024 1551//1024
f 1551//1025 1823//1025 1824//1025 1554//1025
f 1554//1026 1824//1026 1825//1026 1556//1026
f 1562//1027 1826//1027 1827//1027 1563//1027
f 1563//1028 1827//1028 1828//1028 1566//1028
f 1566//1029 1828//1029 1829//1029 1568//1029
f 1798//1030 1580//1030 1578//1030 1799//1030
f 1799//1031 1578//1031 1575//1031 1800//1031
f 1800//1032 1575//1032 1574//1032 1801//1032
f 1802//1033 1590//1033 1593//1033 1803//1033
f 1803//1034 1593//1034 1605//1034 1804//1034
f 1804//1035 1605//1035 1604//1035 1805//1035
f 1580//1036 1604//1036 1602//1036 1581//1036
f 1581//1037 1602//1037 1601//1037 1582//1037
f 1582//1038 1601//1038 1600//1038 1584//1038
f 1806//1039 1606//1039 1609//1039 1807//1039
f 1807//1040 1609//1040 1621//1040 1808//1040
f 1808//1041 1621//1041 1620//1041 1809//1041
f 1590//1042 1620//1042 1618//1042 1591//1042
f 1591//1043 1618//1043 1617//1043 1594//1043
f 1594//1044 1617//1044 1616//1044 1596//1044
f 1810//1045 1622//1045 1625//1045 1811//1045
f 1811//1046 1625//1046 1637//1046 1812//1046
f 1812//1047 1637//1047 1636//1047 1813//1047
f 1606//1048 1636//1048 1634//1048 1607//1048
f 1607//1049 1634//1049 1633//1049 1610//1049
f 1610//1050 1633//1050 1632//1050 1612//1050
f 1814//1051 1638//1051 1641//1051 1815//1051
f 1815//1052 1641//1052 1653//1052 1816//1052
f 1816//1053 1653//1053 1652//1053 1817//1053
f 1622//1054 1652//1054 1650//1054 1623//1054
f 1623//1055 1650//1055 1649//1055 1626//1055
f 1626//1056 1649//1056 1648//1056 1628//1056
f 1818//1057 1654//1057 1657//1057 1819//1057
f 1819//1058 1657//1058 1669//1058 1820//1058
f 1820//1059 1669//1059 1668//1059 1821//1059
f 1638//1060 1668//1060 1666//1060 1639//1060
f 1639//1061 1666//1061 1665//1061 1642//1061
f 1642//1062 1665//1062 1664//1062 1644//1062
f 1822//1063 1670//1063 1673//1063 1823//1063
f 1823//1064 1673//1064 1685//1064 1824//1064
f 1824//1065 1685//1065 1684//1065 1825//1065
f 1654//1066 1684//1066 1682//1066 1655//1066
f 1655//1067 1682//1067 1681//1067 1658//1067
f 1658//1068 1681//1068 1680//1068 1660//1068
f 1826//1069 1686//1069 1689//1069 1827//1069
f 1827//1070 1689//1070 1701//1070 1828//1070
f 1828//1071 1701//1071 1700//1071 1829//1071
f 1670//1072 1700//1072 1698//1072 1671//1072
f 1671//1073 1698//1073 1697//1073 1674//1073
f 1674//1074 1697//1074 1696//1074 1676//1074
f 1588//1075 1692//1075 1690//1075 1589//1075
f 1589//1076 1690//1076 1687//1076 1577//1076
f 1577//1077 1687//1077 1686//1077 1574//1077
f 1584//1078 1708//1078 1706//1078 1585//1078
f 1585//1079 1706//1079 1703//1079 1586//1079
f 1586//1080 1703//1080 1702//1080 1588//1080
f 1596//1081 1714//1081 1717//1081 1597//1081
f 1597//1082 1717//1082 1725//1082 1598//1082
f 1598//1083 1725//1083 1724//1083 1600//1083
f 1708//1084 1724//1084 1722//1084 1709//1084
f 1709//1085 1722//1085 1721//1085 1710//1085
f 1710//1086 1721//1086 1720//1086 1712//1086
f 1612//1087 1726//1087 1729//1087 1613//1087
f 1613//1088 1729//1088 1737//1088 1614//1088
f 1614//1089 1737//1089 1736//1089 1616//1089
f 1714//1090 1736//1090 1734//1090 1715//1090
f 1715//1091 1734//1091 1733//1091 1718//1091
f 1718//1092 1733//1092 1732//1092 1720//1092
f 1628//1093 1738//1093 1741//1093 1629//1093
f 1629//1094 1741//1094 1749//1094 1630//1094
f 1630//1095 1749//1095 1748//1095 1632//1095
f 1726//1096 1748//1096 1746//1096 1727//1096
f 1727//1097 1746//1097 1745//1097 1730//1097
f 1730//1098 1745//1098 1744//1098 1732//1098
f 1644//1099 1750//1099 1753//1099 1645//1099
f 1645//1100 1753//1100 1761//1100 1646//1100
f 1646//1101 1761//1101 1760//1101 1648//1101
f 1738//1102 1760//1102 1758//1102 1739//1102
f 1739//1103 1758//1103 1757//1103 1742//1103
f 1742//1104 1757//1104 1756//1104 1744//1104
f 1660//1105 1762//1105 1765//1105 1661//1105
f 1661//1106 1765//1106 1773//1106 1662//1106
f 1662//1107 1773//1107 1772//1107 1664//1107
f 1750//1108 1772//1108 1770//1108 1751//1108
f 1751//1109 1770//1109 1769//1109 1754//1109
f 1754//1110 1769//1110 1768//1110 1756//1110
f 1676//1111 1774//1111 1777//1111 1677//1111
f 1677//1112 1777//1112 1785//1112 1678//1112
f 1678//1113 1785//1113 1784//1113 1680//1113
f 1762//1114 1784//1114 1782//1114 1763//1114
f 1763//1115 1782//1115 1781//1115 1766//1115
f 1766//1116 1781//1116 1780//1116 1768//1116
f 1692//1117 1786//1117 1789//1117 1693//1117
f 1693//1118 1789//1118 1797//1118 1694//1118
f 1694//1119 1797//1119 1796//1119 1696//1119
f 1774//1120 1796//1120 1794//1120 1775//1120
f 1775//1121 1794//1121 1793//1121 1778//1121
f 1778//1122 1793//1122 1792//1122 1780//1122
f 1712//1123 1792//1123 1790//1123 1713//1123
f 1713//1124 1790//1124 1787//1124 1705//1124
f 1705//1125 1787//1125 1786//1125 1702//1125
f 1562//1126 1478//1126 1801//1126 1826//1126
f 1572//1127 1560//1127 1548//1127 1536//1127 1524//1127 1512//1127 1500//1127 1484//1127
f 1488//1128 1496//1128 1805//1128 1798//1128
f 1490//1129 1508//1129 1809//1129 1802//1129
f 1502//1130 1520//1130 1813//1130 1806//1130
f 1514//1131 1532//1131 1817//1131 1810//1131
f 1526//1132 1544//1132 1821//1132 1814//1132
f 1538//1133 1556//1133 1825//1133 1818//1133
f 1550//1134 1568//1134 1829//1134 1822//1134
f 1826//1135 1801//1135 1574//1135 1686//1135
f 1798//1136 1805//1136 1604//1136 1580//1136
f 1802//1137 1809//1137 1620//1137 1590//1137
f 1806//1138 1813//1138 1636//1138 1606//1138
f 1810//1139 1817//1139 1652//1139 1622//1139
f 1814//1140 1821//1140 1668//1140 1638//1140
f 1818//1141 1825//1141 1684//1141 1654//1141
f 1822//1142 1829//1142 1700//1142 1670//1142
f 1692//1143 1588//1143 1702//1143 1786//1143
f 1584//1144 1600//1144 1724//1144 1708//1144
f 1596//1145 1616//1145 1736//1145 1714//1145
f 1612//1146 1632//1146 1748//1146 1726//1146
f 1628//1147 1648//1147 1760//1147 1738//1147
f 1644//1148 1664//1148 1772//1148 1750//1148
f 1660//1149 1680//1149 1784//1149 1762//1149
f 1676//1150 1696//1150 1796//1150 1774//1150
f 1712//1151 1720//1151 1732//1151 1744//1151 1756//1151 1768//1151 1780//1151 1792//1151
o sandbox_mesh_048
usemtl platform_graphite
s 0
f 1830/1205/1152 1831/1206/1152 1832/1207/1152 1833/1208/1152
f 1834/1209/1153 1835/1210/1153 1832/1211/1153 1831/1212/1153
f 1836/1213/1154 1833/1214/1154 1832/1215/1154 1835/1216/1154
f 1837/1217/1155 1838/1218/1155 1839/1219/1155 1840/1220/1155
f 1841/1221/1156 1842/1222/1156 1839/1223/1156 1838/1224/1156
f 1843/1225/1157 1840/1226/1157 1839/1227/1157 1842/1228/1157
f 1844/1229/1158 1845/1230/1158 1846/1231/1158 1847/1232/1158
f 1848/1233/1159 1849/1234/1159 1846/1235/1159 1845/1236/1159
f 1850/1237/1160 1847/1238/1160 1846/1235/1160 1849/1234/1160
f 1851/1239/1161 1852/1240/1161 1853/1241/1161 1854/1242/1161
f 1855/1243/1162 1856/1244/1162 1853/1245/1162 1852/1246/1162
f 1857/1247/1163 1854/1248/1163 1853/1245/1163 1856/1244/1163
f 1858/1249/1164 1859/1250/1164 1860/1251/1164 1861/1252/1164
f 1862/1253/1165 1863/1254/1165 1860/1251/1165 1859/1250/1165
f 1864/1255/1166 1861/1252/1166 1860/1251/1166 1863/1254/1166
f 1865/1256/1167 1866/1257/1167 1867/1258/1167 1868/1259/1167
f 1869/1260/1168 1870/1261/1168 1867/1258/1168 1866/1257/1168
f 1871/1262/1169 1868/1259/1169 1867/1258/1169 1870/1261/1169
f 1872/1263/1170 1873/1264/1170 1874/1265/1170 1875/1266/1170
f 1876/1267/1171 1877/1268/1171 1874/1265/1171 1873/1264/1171
f 1878/1269/1172 1875/1266/1172 1874/1265/1172 1877/1268/1172
f 1879/1270/1173 1880/1271/1173 1881/1272/1173 1882/1273/1173
f 1883/1274/1174 1884/1275/1174 1881/1272/1174 1880/1271/1174
f 1885/1276/1175 1882/1273/1175 1881/1272/1175 1884/1275/1175
f 1844/1229/1176 1830/1205/1176 1833/1208/1176 1845/1230/1176
f 1845/1236/1177 1833/1214/1177 1836/1213/1177 1848/1233/1177
f 1834/1209/1178 1837/1217/1178 1840/1220/1178 1835/1210/1178
f 1835/1216/1179 1840/1226/1179 1843/1225/1179 1836/1213/1179
f 1841/1221/1180 1851/1239/1180 1854/1242/1180 1842/1222/1180
f 1842/1228/1181 1854/1248/1181 1857/1247/1181 1843/1225/1181
f 1855/1243/1182 1850/1237/1182 1849/1234/1182 1856/1244/1182
f 1856/1244/1183 1849/1234/1183 1848/1233/1183 1857/1247/1183
f 1872/1263/1184 1844/1229/1184 1847/1232/1184 1873/1264/1184
f 1873/1264/1185 1847/1238/1185 1850/1237/1185 1876/1267/1185
f 1851/1239/1186 1879/1270/1186 1882/1273/1186 1852/1240/1186
f 1852/1246/1187 1882/1273/1187 1885/1276/1187 1855/1243/1187
f 1883/1274/1188 1878/1269/1188 1877/1268/1188 1884/1275/1188
f 1884/1275/1189 1877/1268/1189 1876/1267/1189 1885/1276/1189
f 1858/1249/1190 1872/1263/1190 1875/1266/1190 1859/1250/1190
f 1859/1250/1191 1875/1266/1191 1878/1269/1191 1862/1253/1191
f 1879/1270/1192 1865/1256/1192 1868/1259/1192 1880/1271/1192
f 1880/1271/1193 1868/1259/1193 1871/1262/1193 1883/1274/1193
f 1869/1260/1194 1864/1255/1194 1863/1254/1194 1870/1261/1194
f 1870/1261/1195 1863/1254/1195 1862/1253/1195 1871/1262/1195
f 1830/1205/1196 1858/1249/1196 1861/1252/1196 1831/1206/1196
f 1831/1212/1197 1861/1252/1197 1864/1255/1197 1834/1209/1197
f 1865/1256/1198 1841/1221/1198 1838/1224/1198 1866/1257/1198
f 1866/1257/1199 1838/1218/1199 1837/1217/1199 1869/1260/1199
f 1844/1229/1200 1872/1263/1200 1858/1249/1200 1830/1205/1200
f 1836/1213/1201 1843/1225/1201 1857/1247/1201 1848/1233/1201
f 1864/1255/1202 1869/1260/1202 1837/1217/1202 1834/1209/1202
f 1879/1270/1203 1851/1239/1203 1841/1221/1203 1865/1256/1203
f 1850/1237/1204 1855/1243/1204 1885/1276/1204 1876/1267/1204
f 1878/1269/1205 1883/1274/1205 1871/1262/1205 1862/1253/1205
o sandbox_mesh_049
usemtl platform_amber_trim
s 0
f 1886/1277/1206 1887/1278/1206 1888/1279/1206 1889/1280/1206
f 1889/1280/1207 1888/1279/1207 1890/1281/1207 1891/1282/1207
f 1891/1282/1208 1890/1281/1208 1892/1283/1208 1893/1284/1208
f 1893/1284/1209 1892/1283/1209 1887/1285/1209 1886/1286/1209
f 1889/1287/1210 1891/1282/1210 1893/1284/1210 1886/1288/1210
f 1890/1281/1211 1888/1289/1211 1887/1290/1211 1892/1283/1211
o sandbox_mesh_050
f 1894/1291/1212 1895/1292/1212 1896/1293/1212 1897/1294/1212
f 1897/1294/1213 1896/1293/1213 1898/1295/1213 1899/1296/1213
f 1899/1296/1214 1898/1295/1214 1900/1297/1214 1901/1298/1214
f 1901/1298/1215 1900/1297/1215 1895/1299/1215 1894/1300/1215
f 1897/1301/1216 1899/1296/1216 1901/1298/1216 1894/1302/1216
f 1898/1295/1217 1896/1303/1217 1895/1304/1217 1900/1297/1217
o sandbox_mesh_051
f 1902/1305/1218 1903/1306/1218 1904/1307/1218 1905/1308/1218
f 1905/1308/1219 1904/1307/1219 1906/1309/1219 1907/1310/1219
f 1907/1310/1220 1906/1309/1220 1908/1311/1220 1909/1312/1220
f 1909/1312/1221 1908/1311/1221 1903/1313/1221 1902/1314/1221
f 1905/1315/1222 1907/1310/1222 1909/1312/1222 1902/1316/1222
f 1906/1309/1223 1904/1317/1223 1903/1318/1223 1908/1311/1223
o sandbox_mesh_052
f 1910/1319/1224 1911/1320/1224 1912/1321/1224 1913/1322/1224
f 1913/1322/1225 1912/1321/1225 1914/1323/1225 1915/1324/1225
f 1915/1324/1226 1914/1323/1226 1916/1325/1226 1917/1326/1226
f 1917/1326/1227 1916/1325/1227 1911/1327/1227 1910/1328/1227
f 1913/1329/1228 1915/1324/1228 1917/1326/1228 1910/1330/1228
f 1914/1323/1229 1912/1331/1229 1911/1332/1229 1916/1325/1229
